Coordinate 1,Coordinate 2,Ellipsoid Dimensions,Tags,Description,Segment IDs,Parent ID,Type,ID
"(74738, 36770, 575)",,,,01 devPNB_01 at branch TTT,,,Line Strip,85898231fd099fb55ed185f9a7f6b722817a7940
"(74738, 36770, 575)","(74695, 37187, 616)",,,,,85898231fd099fb55ed185f9a7f6b722817a7940,Line,
"(74695, 37187, 616)","(74723, 37534, 635)",,,,,85898231fd099fb55ed185f9a7f6b722817a7940,Line,
"(74723, 37534, 635)","(74617, 37964, 645)",,,,,85898231fd099fb55ed185f9a7f6b722817a7940,Line,
"(74617, 37964, 645)","(74383, 38959, 661)",,,,,85898231fd099fb55ed185f9a7f6b722817a7940,Line,
"(74383, 38959, 661)","(74044, 39722, 678)",,,,,85898231fd099fb55ed185f9a7f6b722817a7940,Line,
"(74044, 39722, 678)","(74007, 40853, 708)",,,,,85898231fd099fb55ed185f9a7f6b722817a7940,Line,
"(74007, 40853, 708)","(74206, 42067, 715)",,,,,85898231fd099fb55ed185f9a7f6b722817a7940,Line,
"(74206, 42067, 715)","(74394, 42672, 738)",,,,,85898231fd099fb55ed185f9a7f6b722817a7940,Line,
"(74394, 42672, 738)","(74166, 43337, 721)",,,,,85898231fd099fb55ed185f9a7f6b722817a7940,Line,
"(74166, 43337, 721)","(74093, 44320, 742)",,,,,85898231fd099fb55ed185f9a7f6b722817a7940,Line,
"(74093, 44320, 742)","(74054, 45876, 787)",,,,,85898231fd099fb55ed185f9a7f6b722817a7940,Line,
"(74054, 45876, 787)","(74359, 47039, 804)",,,,,85898231fd099fb55ed185f9a7f6b722817a7940,Line,
"(74359, 47039, 804)","(74707, 48532, 750)",,,,,85898231fd099fb55ed185f9a7f6b722817a7940,Line,
"(74707, 48532, 750)","(75055, 49623, 725)",,,,,85898231fd099fb55ed185f9a7f6b722817a7940,Line,
"(75055, 49623, 725)","(74964, 49766, 732)",,,,,85898231fd099fb55ed185f9a7f6b722817a7940,Line,
"(74964, 49766, 732)","(74917, 49790, 732)",,,,,85898231fd099fb55ed185f9a7f6b722817a7940,Line,
"(98837, 50494, 856)",,,,02 devPNB_21 TTT at branch,,,Line Strip,db10f06900ff437814b4ad74b06deae0dd5bf2b4
"(98837, 50494, 856)","(98908, 51101, 992)",,,,,db10f06900ff437814b4ad74b06deae0dd5bf2b4,Line,
"(98908, 51101, 992)","(98965, 51017, 1117)",,,,,db10f06900ff437814b4ad74b06deae0dd5bf2b4,Line,
"(98965, 51017, 1117)","(99212, 51126, 1230)",,,,,db10f06900ff437814b4ad74b06deae0dd5bf2b4,Line,
"(99212, 51126, 1230)","(99000, 51338, 1316)",,,,,db10f06900ff437814b4ad74b06deae0dd5bf2b4,Line,
"(99000, 51338, 1316)","(99084, 51486, 1441)",,,,,db10f06900ff437814b4ad74b06deae0dd5bf2b4,Line,
"(99084, 51486, 1441)","(99139, 51513, 1443)",,,,,db10f06900ff437814b4ad74b06deae0dd5bf2b4,Line,
"(97876, 47291, 520)",,,,04 TTT,,,Line Strip,7d4d15f439921fd9e58b635951e4cef6f95ae430
"(97876, 47291, 520)","(98493, 46988, 579)",,,,,7d4d15f439921fd9e58b635951e4cef6f95ae430,Line,
"(98493, 46988, 579)","(99053, 46648, 651)",,,,,7d4d15f439921fd9e58b635951e4cef6f95ae430,Line,
"(99053, 46648, 651)","(99021, 46308, 718)",,,,,7d4d15f439921fd9e58b635951e4cef6f95ae430,Line,
"(99021, 46308, 718)","(99679, 45681, 837)",,,,,7d4d15f439921fd9e58b635951e4cef6f95ae430,Line,
"(99679, 45681, 837)","(100422, 45356, 959)",,,,,7d4d15f439921fd9e58b635951e4cef6f95ae430,Line,
"(100422, 45356, 959)","(100765, 45207, 1033)",,,,,7d4d15f439921fd9e58b635951e4cef6f95ae430,Line,
"(97754, 63700, 1185)",,,,"05 TTT
mVe_2",,,Line Strip,c69ee69e69d2586bd7e53ad6e9400a01c69683af
"(97754, 63700, 1185)","(97622, 64460, 1208)",,,,,c69ee69e69d2586bd7e53ad6e9400a01c69683af,Line,
"(97622, 64460, 1208)","(97420, 65223, 1157)",,,,,c69ee69e69d2586bd7e53ad6e9400a01c69683af,Line,
"(97420, 65223, 1157)","(96980, 65555, 1139)",,,,,c69ee69e69d2586bd7e53ad6e9400a01c69683af,Line,
"(96980, 65555, 1139)","(96845, 65871, 1132)",,,,,c69ee69e69d2586bd7e53ad6e9400a01c69683af,Line,
"(97944, 63501, 1188)",,,,06 devPNB_22 TTT at branch,,,Line Strip,252032cc1fe54b2b2982376efdc73aada1ebd6a0
"(97944, 63501, 1188)","(98278, 62742, 1204)",,,,,252032cc1fe54b2b2982376efdc73aada1ebd6a0,Line,
"(98278, 62742, 1204)","(98547, 61559, 1275)",,,,,252032cc1fe54b2b2982376efdc73aada1ebd6a0,Line,
"(98547, 61559, 1275)","(98800, 61009, 1358)",,,,,252032cc1fe54b2b2982376efdc73aada1ebd6a0,Line,
"(98800, 61009, 1358)","(99028, 61146, 1442)",,,,,252032cc1fe54b2b2982376efdc73aada1ebd6a0,Line,
"(99028, 61146, 1442)","(99181, 61997, 1554)",,,,,252032cc1fe54b2b2982376efdc73aada1ebd6a0,Line,
"(99181, 61997, 1554)","(99161, 62831, 1629)",,,,,252032cc1fe54b2b2982376efdc73aada1ebd6a0,Line,
"(99161, 62831, 1629)","(99352, 63450, 1696)",,,,,252032cc1fe54b2b2982376efdc73aada1ebd6a0,Line,
"(99352, 63450, 1696)","(99346, 63599, 1729)",,,,,252032cc1fe54b2b2982376efdc73aada1ebd6a0,Line,
"(85552, 46344, 534)",,,,"07 devPNB_03 TTT at branch
mVe_03",,,Line Strip,29747147b0b5a55b77514dea4b937daf9b770f39
"(85552, 46344, 534)","(85565, 47276, 567)",,,,,29747147b0b5a55b77514dea4b937daf9b770f39,Line,
"(85565, 47276, 567)","(85176, 48364, 620)",,,,,29747147b0b5a55b77514dea4b937daf9b770f39,Line,
"(85176, 48364, 620)","(84817, 49770, 642)",,,,,29747147b0b5a55b77514dea4b937daf9b770f39,Line,
"(84817, 49770, 642)","(85012, 51315, 676)",,,,,29747147b0b5a55b77514dea4b937daf9b770f39,Line,
"(85012, 51315, 676)","(85215, 52884, 667)",,,,,29747147b0b5a55b77514dea4b937daf9b770f39,Line,
"(85215, 52884, 667)","(85335, 53229, 664)",,,,,29747147b0b5a55b77514dea4b937daf9b770f39,Line,
"(98002, 47732, 1144)",,,,08 TTT AIT,,,Line Strip,afd98a488e54f5a327aa8a49b41ea1c529f98577
"(98002, 47732, 1144)","(97258, 47984, 1084)",,,,,afd98a488e54f5a327aa8a49b41ea1c529f98577,Line,
"(97258, 47984, 1084)","(96592, 48253, 1010)",,,,,afd98a488e54f5a327aa8a49b41ea1c529f98577,Line,
"(96592, 48253, 1010)","(95958, 48710, 944)",,,,,afd98a488e54f5a327aa8a49b41ea1c529f98577,Line,
"(95958, 48710, 944)","(95629, 49049, 893)",,,,,afd98a488e54f5a327aa8a49b41ea1c529f98577,Line,
"(92234, 40407, 1466)",,,,09 devPNB_06 TTT across 2 branches AIT,,,Line Strip,c710f8bc3f1fc99a695919d08ce15633b3ef5b2c
"(92234, 40407, 1466)","(93171, 40541, 1269)",,,,,c710f8bc3f1fc99a695919d08ce15633b3ef5b2c,Line,
"(93171, 40541, 1269)","(93379, 40767, 1101)",,,,,c710f8bc3f1fc99a695919d08ce15633b3ef5b2c,Line,
"(93379, 40767, 1101)","(93623, 41356, 935)",,,,,c710f8bc3f1fc99a695919d08ce15633b3ef5b2c,Line,
"(93623, 41356, 935)","(93713, 41986, 799)",,,,,c710f8bc3f1fc99a695919d08ce15633b3ef5b2c,Line,
"(93713, 41986, 799)","(93865, 42519, 617)",,,,,c710f8bc3f1fc99a695919d08ce15633b3ef5b2c,Line,
"(93865, 42519, 617)","(93449, 42668, 469)",,,,,c710f8bc3f1fc99a695919d08ce15633b3ef5b2c,Line,
"(93449, 42668, 469)","(93471, 42641, 265)",,,,,c710f8bc3f1fc99a695919d08ce15633b3ef5b2c,Line,
"(93471, 42641, 265)","(94034, 42744, 131)",,,,,c710f8bc3f1fc99a695919d08ce15633b3ef5b2c,Line,
"(100389, 55327, 1635)",,,,10 AIT,,,Line Strip,637fcc4004170ab743acae51ea32748d73a2e6d7
"(100389, 55327, 1635)","(100524, 56104, 1637)",,,,,637fcc4004170ab743acae51ea32748d73a2e6d7,Line,
"(100524, 56104, 1637)","(100791, 56586, 1656)",,,,,637fcc4004170ab743acae51ea32748d73a2e6d7,Line,
"(100791, 56586, 1656)","(100979, 56821, 1659)",,,,,637fcc4004170ab743acae51ea32748d73a2e6d7,Line,
"(100979, 56821, 1659)","(100895, 57109, 1659)",,,,,637fcc4004170ab743acae51ea32748d73a2e6d7,Line,
"(100895, 57109, 1659)","(100944, 58047, 1652)",,,,,637fcc4004170ab743acae51ea32748d73a2e6d7,Line,
"(100944, 58047, 1652)","(101027, 58107, 1671)",,,,,637fcc4004170ab743acae51ea32748d73a2e6d7,Line,
"(101027, 58107, 1671)","(101027, 58107, 1671)",,,,,637fcc4004170ab743acae51ea32748d73a2e6d7,Line,
"(97555, 70607, 651)",,,,11 AIT,,,Line Strip,edd5afd177f6d0b2b83ea68b247f4f0fede255ec
"(97555, 70607, 651)","(98239, 70285, 652)",,,,,edd5afd177f6d0b2b83ea68b247f4f0fede255ec,Line,
"(98239, 70285, 652)","(99108, 69841, 669)",,,,,edd5afd177f6d0b2b83ea68b247f4f0fede255ec,Line,
"(99108, 69841, 669)","(99818, 69400, 665)",,,,,edd5afd177f6d0b2b83ea68b247f4f0fede255ec,Line,
"(99818, 69400, 665)","(101152, 68940, 713)",,,,,edd5afd177f6d0b2b83ea68b247f4f0fede255ec,Line,
"(101152, 68940, 713)","(101191, 68933, 711)",,,,,edd5afd177f6d0b2b83ea68b247f4f0fede255ec,Line,
"(100130, 53213, 447)",,,,12 na,,,Line Strip,d9919a9b29f6f21166d2a2a6ee29766ef9e400c6
"(100130, 53213, 447)","(101002, 53882, 467)",,,,,d9919a9b29f6f21166d2a2a6ee29766ef9e400c6,Line,
"(101002, 53882, 467)","(102241, 54388, 456)",,,,,d9919a9b29f6f21166d2a2a6ee29766ef9e400c6,Line,
"(102241, 54388, 456)","(103280, 54989, 474)",,,,,d9919a9b29f6f21166d2a2a6ee29766ef9e400c6,Line,
"(103280, 54989, 474)","(104286, 55340, 476)",,,,,d9919a9b29f6f21166d2a2a6ee29766ef9e400c6,Line,
"(104286, 55340, 476)","(105158, 55633, 494)",,,,,d9919a9b29f6f21166d2a2a6ee29766ef9e400c6,Line,
"(105158, 55633, 494)","(106027, 56050, 482)",,,,,d9919a9b29f6f21166d2a2a6ee29766ef9e400c6,Line,
"(106027, 56050, 482)","(106155, 56085, 479)",,,,,d9919a9b29f6f21166d2a2a6ee29766ef9e400c6,Line,
"(99784, 50487, 258)",,,,13 AIT,,,Line Strip,49739954de0d6a87862da32d640fdf636f328dbf
"(99784, 50487, 258)","(99993, 50846, 275)",,,,,49739954de0d6a87862da32d640fdf636f328dbf,Line,
"(99993, 50846, 275)","(99985, 51188, 295)",,,,,49739954de0d6a87862da32d640fdf636f328dbf,Line,
"(99985, 51188, 295)","(100191, 51907, 328)",,,,,49739954de0d6a87862da32d640fdf636f328dbf,Line,
"(100191, 51907, 328)","(100150, 52470, 355)",,,,,49739954de0d6a87862da32d640fdf636f328dbf,Line,
"(100150, 52470, 355)","(100325, 52963, 384)",,,,,49739954de0d6a87862da32d640fdf636f328dbf,Line,
"(100325, 52963, 384)","(100505, 53713, 390)",,,,,49739954de0d6a87862da32d640fdf636f328dbf,Line,
"(100505, 53713, 390)","(100610, 54158, 440)",,,,,49739954de0d6a87862da32d640fdf636f328dbf,Line,
"(100610, 54158, 440)","(100579, 54818, 460)",,,,,49739954de0d6a87862da32d640fdf636f328dbf,Line,
"(98385, 52096, 339)",,,,14 na,,,Line Strip,1419cfaa06706b3816dae2eb964860dba2e514ff
"(98385, 52096, 339)","(98512, 52748, 365)",,,,,1419cfaa06706b3816dae2eb964860dba2e514ff,Line,
"(98512, 52748, 365)","(98396, 53334, 392)",,,,,1419cfaa06706b3816dae2eb964860dba2e514ff,Line,
"(98396, 53334, 392)","(98437, 53949, 424)",,,,,1419cfaa06706b3816dae2eb964860dba2e514ff,Line,
"(98437, 53949, 424)","(98550, 54424, 453)",,,,,1419cfaa06706b3816dae2eb964860dba2e514ff,Line,
"(98598, 54623, 443)",,,,15 na,,,Line Strip,cb1d68e91d4cac849659ff589166e3522318c389
"(98598, 54623, 443)","(98588, 55237, 488)",,,,,cb1d68e91d4cac849659ff589166e3522318c389,Line,
"(98588, 55237, 488)","(99030, 55881, 502)",,,,,cb1d68e91d4cac849659ff589166e3522318c389,Line,
"(99030, 55881, 502)","(98999, 56598, 531)",,,,,cb1d68e91d4cac849659ff589166e3522318c389,Line,
"(98999, 56598, 531)","(98956, 57121, 571)",,,,,cb1d68e91d4cac849659ff589166e3522318c389,Line,
"(98956, 57121, 571)","(98939, 57962, 617)",,,,,cb1d68e91d4cac849659ff589166e3522318c389,Line,
"(98939, 57962, 617)","(99301, 58569, 646)",,,,,cb1d68e91d4cac849659ff589166e3522318c389,Line,
"(99301, 58569, 646)","(99158, 59409, 662)",,,,,cb1d68e91d4cac849659ff589166e3522318c389,Line,
"(99158, 59409, 662)","(99159, 59414, 663)",,,,,cb1d68e91d4cac849659ff589166e3522318c389,Line,
"(99159, 59414, 663)","(99128, 59546, 678)",,,,,cb1d68e91d4cac849659ff589166e3522318c389,Line,
"(98470, 49550, 214)",,,,16 AIT,,,Line Strip,32cf039ad944bb38f33b63bc96e109f8897ba383
"(98470, 49550, 214)","(98284, 49969, 237)",,,,,32cf039ad944bb38f33b63bc96e109f8897ba383,Line,
"(98284, 49969, 237)","(98187, 50482, 251)",,,,,32cf039ad944bb38f33b63bc96e109f8897ba383,Line,
"(98187, 50482, 251)","(98299, 50977, 285)",,,,,32cf039ad944bb38f33b63bc96e109f8897ba383,Line,
"(98299, 50977, 285)","(98452, 51524, 298)",,,,,32cf039ad944bb38f33b63bc96e109f8897ba383,Line,
"(98452, 51524, 298)","(98465, 51620, 324)",,,,,32cf039ad944bb38f33b63bc96e109f8897ba383,Line,
"(106620, 51944, 714)",,,,17 AIT,,,Line Strip,81376ba07e90ad9ca0f376f14319010d2035b139
"(106620, 51944, 714)","(107215, 51843, 712)",,,,,81376ba07e90ad9ca0f376f14319010d2035b139,Line,
"(107215, 51843, 712)","(108476, 51910, 722)",,,,,81376ba07e90ad9ca0f376f14319010d2035b139,Line,
"(108476, 51910, 722)","(109391, 52120, 740)",,,,,81376ba07e90ad9ca0f376f14319010d2035b139,Line,
"(109391, 52120, 740)","(109788, 52241, 745)",,,,,81376ba07e90ad9ca0f376f14319010d2035b139,Line,
"(109788, 52241, 745)","(110647, 52526, 776)",,,,,81376ba07e90ad9ca0f376f14319010d2035b139,Line,
"(110647, 52526, 776)","(111606, 52621, 797)",,,,,81376ba07e90ad9ca0f376f14319010d2035b139,Line,
"(111606, 52621, 797)","(112439, 52755, 808)",,,,,81376ba07e90ad9ca0f376f14319010d2035b139,Line,
"(112439, 52755, 808)","(113464, 52798, 850)",,,,,81376ba07e90ad9ca0f376f14319010d2035b139,Line,
"(113464, 52798, 850)","(114366, 52994, 863)",,,,,81376ba07e90ad9ca0f376f14319010d2035b139,Line,
"(114366, 52994, 863)","(114950, 52941, 897)",,,,,81376ba07e90ad9ca0f376f14319010d2035b139,Line,
"(106386, 51766, 699)",,,,"18 devPNB_27 2 branches AIT ",,,Line Strip,ae1018bb21a9bccaf6b9dd733e5f96217033d9f4
"(106386, 51766, 699)","(104802, 51850, 684)",,,,,ae1018bb21a9bccaf6b9dd733e5f96217033d9f4,Line,
"(104802, 51850, 684)","(103375, 51799, 663)",,,,,ae1018bb21a9bccaf6b9dd733e5f96217033d9f4,Line,
"(103375, 51799, 663)","(102261, 51727, 588)",,,,,ae1018bb21a9bccaf6b9dd733e5f96217033d9f4,Line,
"(102261, 51727, 588)","(100767, 51722, 617)",,,,,ae1018bb21a9bccaf6b9dd733e5f96217033d9f4,Line,
"(100767, 51722, 617)","(99531, 51522, 634)",,,,,ae1018bb21a9bccaf6b9dd733e5f96217033d9f4,Line,
"(99531, 51522, 634)","(97691, 50994, 614)",,,,,ae1018bb21a9bccaf6b9dd733e5f96217033d9f4,Line,
"(97691, 50994, 614)","(96581, 50620, 634)",,,,,ae1018bb21a9bccaf6b9dd733e5f96217033d9f4,Line,
"(96581, 50620, 634)","(95179, 50051, 689)",,,,,ae1018bb21a9bccaf6b9dd733e5f96217033d9f4,Line,
"(95179, 50051, 689)","(94520, 49978, 710)",,,,,ae1018bb21a9bccaf6b9dd733e5f96217033d9f4,Line,
"(94520, 49978, 710)","(93492, 49918, 688)",,,,,ae1018bb21a9bccaf6b9dd733e5f96217033d9f4,Line,
"(93492, 49918, 688)","(92440, 49754, 690)",,,,,ae1018bb21a9bccaf6b9dd733e5f96217033d9f4,Line,
"(92440, 49754, 690)","(91409, 49448, 666)",,,,,ae1018bb21a9bccaf6b9dd733e5f96217033d9f4,Line,
"(91409, 49448, 666)","(90453, 49111, 669)",,,,,ae1018bb21a9bccaf6b9dd733e5f96217033d9f4,Line,
"(89659, 40400, 661)",,,,19 na,,,Line Strip,0bb6f544479b1177b2e0cda17b92c860666becc6
"(89659, 40400, 661)","(90514, 41322, 721)",,,,,0bb6f544479b1177b2e0cda17b92c860666becc6,Line,
"(90514, 41322, 721)","(91316, 42165, 773)",,,,,0bb6f544479b1177b2e0cda17b92c860666becc6,Line,
"(91316, 42165, 773)","(91746, 42579, 793)",,,,,0bb6f544479b1177b2e0cda17b92c860666becc6,Line,
"(91746, 42579, 793)","(92284, 43229, 771)",,,,,0bb6f544479b1177b2e0cda17b92c860666becc6,Line,
"(92284, 43229, 771)","(92827, 44108, 794)",,,,,0bb6f544479b1177b2e0cda17b92c860666becc6,Line,
"(93201, 38041, 1400)",,,,20 devPNB_13 TTT,,,Line Strip,0c423b8fc0864aa3d9bf1b432185735d10ddad62
"(93201, 38041, 1400)","(93707, 38323, 1362)",,,,,0c423b8fc0864aa3d9bf1b432185735d10ddad62,Line,
"(93707, 38323, 1362)","(94361, 38506, 1312)",,,,,0c423b8fc0864aa3d9bf1b432185735d10ddad62,Line,
"(94361, 38506, 1312)","(94941, 38791, 1295)",,,,,0c423b8fc0864aa3d9bf1b432185735d10ddad62,Line,
"(111508, 47286, 989)",,,,21 AIT,,,Line Strip,b838ce5421d9871ee45051642d1bb86a26f02ec9
"(111508, 47286, 989)","(112395, 47550, 972)",,,,,b838ce5421d9871ee45051642d1bb86a26f02ec9,Line,
"(112395, 47550, 972)","(113227, 47924, 934)",,,,,b838ce5421d9871ee45051642d1bb86a26f02ec9,Line,
"(113227, 47924, 934)","(114157, 48214, 876)",,,,,b838ce5421d9871ee45051642d1bb86a26f02ec9,Line,
"(114157, 48214, 876)","(114871, 48519, 840)",,,,,b838ce5421d9871ee45051642d1bb86a26f02ec9,Line,
"(114871, 48519, 840)","(115149, 48858, 799)",,,,,b838ce5421d9871ee45051642d1bb86a26f02ec9,Line,
"(108185, 50171, 540)",,,,22 devPNB_27 at branch,,,Line Strip,f7a23acbacb7ad0a1f5ece2265c05f29efef04d7
"(108185, 50171, 540)","(108772, 49989, 566)",,,,,f7a23acbacb7ad0a1f5ece2265c05f29efef04d7,Line,
"(108772, 49989, 566)","(109491, 50394, 588)",,,,,f7a23acbacb7ad0a1f5ece2265c05f29efef04d7,Line,
"(109491, 50394, 588)","(110119, 50965, 607)",,,,,f7a23acbacb7ad0a1f5ece2265c05f29efef04d7,Line,
"(110119, 50965, 607)","(110713, 51213, 614)",,,,,f7a23acbacb7ad0a1f5ece2265c05f29efef04d7,Line,
"(100460, 45098, 1452)",,,,23 devPNB_28 at branch,,,Line Strip,d8959ca9f59a75dc5abbb856e719feedeb55c2ee
"(100460, 45098, 1452)","(100047, 45424, 1399)",,,,,d8959ca9f59a75dc5abbb856e719feedeb55c2ee,Line,
"(100047, 45424, 1399)","(99800, 45949, 1345)",,,,,d8959ca9f59a75dc5abbb856e719feedeb55c2ee,Line,
"(99800, 45949, 1345)","(99732, 46241, 1315)",,,,,d8959ca9f59a75dc5abbb856e719feedeb55c2ee,Line,
"(98083, 47714, 1152)",,,,24 devPNB_05 at branch AIT,,,Line Strip,d254de476bc8e6c61ffc931f604cfb1be5acc3c5
"(98083, 47714, 1152)","(98731, 47611, 1219)",,,,,d254de476bc8e6c61ffc931f604cfb1be5acc3c5,Line,
"(98731, 47611, 1219)","(98980, 47658, 1276)",,,,,d254de476bc8e6c61ffc931f604cfb1be5acc3c5,Line,
"(98980, 47658, 1276)","(99035, 47498, 1339)",,,,,d254de476bc8e6c61ffc931f604cfb1be5acc3c5,Line,
"(99035, 47498, 1339)","(99236, 47403, 1392)",,,,,d254de476bc8e6c61ffc931f604cfb1be5acc3c5,Line,
"(99236, 47403, 1392)","(99412, 47280, 1455)",,,,,d254de476bc8e6c61ffc931f604cfb1be5acc3c5,Line,
"(99412, 47280, 1455)","(100307, 46942, 1521)",,,,,d254de476bc8e6c61ffc931f604cfb1be5acc3c5,Line,
"(100307, 46942, 1521)","(100941, 47072, 1591)",,,,,d254de476bc8e6c61ffc931f604cfb1be5acc3c5,Line,
"(100941, 47072, 1591)","(101403, 47122, 1644)",,,,,d254de476bc8e6c61ffc931f604cfb1be5acc3c5,Line,
"(101403, 47122, 1644)","(101710, 47235, 1687)",,,,,d254de476bc8e6c61ffc931f604cfb1be5acc3c5,Line,
"(99156, 50065, 20)",,,,25 devPNB_26 at branch,,,Line Strip,13cfe0dabfb6a841f38e72eda684fb02a46af615
"(99156, 50065, 20)","(99028, 50035, 82)",,,,,13cfe0dabfb6a841f38e72eda684fb02a46af615,Line,
"(99028, 50035, 82)","(98826, 50068, 166)",,,,,13cfe0dabfb6a841f38e72eda684fb02a46af615,Line,
"(98826, 50068, 166)","(98763, 50222, 226)",,,,,13cfe0dabfb6a841f38e72eda684fb02a46af615,Line,
"(98763, 50222, 226)","(98791, 50486, 273)",,,,,13cfe0dabfb6a841f38e72eda684fb02a46af615,Line,
"(98791, 50486, 273)","(98760, 50818, 327)",,,,,13cfe0dabfb6a841f38e72eda684fb02a46af615,Line,
"(98760, 50818, 327)","(98695, 50912, 366)",,,,,13cfe0dabfb6a841f38e72eda684fb02a46af615,Line,
"(98695, 50912, 366)","(98320, 51075, 431)",,,,,13cfe0dabfb6a841f38e72eda684fb02a46af615,Line,
"(98320, 51075, 431)","(98178, 51125, 516)",,,,,13cfe0dabfb6a841f38e72eda684fb02a46af615,Line,
"(98178, 51125, 516)","(98536, 51414, 601)",,,,,13cfe0dabfb6a841f38e72eda684fb02a46af615,Line,
"(98536, 51414, 601)","(98878, 51607, 664)",,,,,13cfe0dabfb6a841f38e72eda684fb02a46af615,Line,
"(98878, 51607, 664)","(99008, 51753, 708)",,,,,13cfe0dabfb6a841f38e72eda684fb02a46af615,Line,
"(99008, 51753, 708)","(99090, 52100, 764)",,,,,13cfe0dabfb6a841f38e72eda684fb02a46af615,Line,
"(104008, 52276, 407)",,,,26 TTT,,,Line Strip,bd937fe794ad319397761f25019e677dce893941
"(104008, 52276, 407)","(103801, 52452, 372)",,,,,bd937fe794ad319397761f25019e677dce893941,Line,
"(103801, 52452, 372)","(103497, 52580, 331)",,,,,bd937fe794ad319397761f25019e677dce893941,Line,
"(103239, 47224, 184)",,,,27 TTT,,,Line Strip,f398ccb5ae7edaaba5e1f94fcb25c43801b6d416
"(103239, 47224, 184)","(103236, 46795, 146)",,,,,f398ccb5ae7edaaba5e1f94fcb25c43801b6d416,Line,
"(103236, 46795, 146)","(103084, 46417, 100)",,,,,f398ccb5ae7edaaba5e1f94fcb25c43801b6d416,Line,
"(103084, 46417, 100)","(102944, 45983, 100)",,,,,f398ccb5ae7edaaba5e1f94fcb25c43801b6d416,Line,
"(102944, 45983, 100)","(102936, 45649, 90)",,,,,f398ccb5ae7edaaba5e1f94fcb25c43801b6d416,Line,
"(102936, 45649, 90)","(102744, 45156, 57)",,,,,f398ccb5ae7edaaba5e1f94fcb25c43801b6d416,Line,
"(102744, 45156, 57)","(102352, 44814, 20)",,,,,f398ccb5ae7edaaba5e1f94fcb25c43801b6d416,Line,
"(104013, 48466, 374)",,,,28 na,,,Line Strip,c0db1fb428415703dbf81a2f25bd5581a82398ba
"(104013, 48466, 374)","(103817, 47997, 348)",,,,,c0db1fb428415703dbf81a2f25bd5581a82398ba,Line,
"(103817, 47997, 348)","(103639, 47487, 338)",,,,,c0db1fb428415703dbf81a2f25bd5581a82398ba,Line,
"(103639, 47487, 338)","(103685, 46753, 311)",,,,,c0db1fb428415703dbf81a2f25bd5581a82398ba,Line,
"(103685, 46753, 311)","(103725, 46234, 263)",,,,,c0db1fb428415703dbf81a2f25bd5581a82398ba,Line,
"(103725, 46234, 263)","(103501, 45498, 251)",,,,,c0db1fb428415703dbf81a2f25bd5581a82398ba,Line,
"(103501, 45498, 251)","(103601, 44994, 246)",,,,,c0db1fb428415703dbf81a2f25bd5581a82398ba,Line,
"(106239, 42102, 1121)",,,,29 na,,,Line Strip,ee3ab3844b74cff75cbd22c73a677dc78a8026ca
"(106239, 42102, 1121)","(106849, 42064, 1078)",,,,,ee3ab3844b74cff75cbd22c73a677dc78a8026ca,Line,
"(106849, 42064, 1078)","(107519, 42150, 1054)",,,,,ee3ab3844b74cff75cbd22c73a677dc78a8026ca,Line,
"(107519, 42150, 1054)","(107964, 42163, 1050)",,,,,ee3ab3844b74cff75cbd22c73a677dc78a8026ca,Line,
"(107964, 42163, 1050)","(108515, 42208, 1003)",,,,,ee3ab3844b74cff75cbd22c73a677dc78a8026ca,Line,
"(108515, 42208, 1003)","(109250, 42035, 973)",,,,,ee3ab3844b74cff75cbd22c73a677dc78a8026ca,Line,
"(112566, 39860, 393)",,,,30 na,,,Line Strip,cdaacdc9f4e5e3844f85416dbc33dcb54fc23ca9
"(112566, 39860, 393)","(111682, 40488, 525)",,,,,cdaacdc9f4e5e3844f85416dbc33dcb54fc23ca9,Line,
"(111682, 40488, 525)","(111282, 40995, 539)",,,,,cdaacdc9f4e5e3844f85416dbc33dcb54fc23ca9,Line,
"(111282, 40995, 539)","(110783, 41288, 583)",,,,,cdaacdc9f4e5e3844f85416dbc33dcb54fc23ca9,Line,
"(110783, 41288, 583)","(110597, 41597, 598)",,,,,cdaacdc9f4e5e3844f85416dbc33dcb54fc23ca9,Line,
"(110597, 41597, 598)","(110013, 41628, 605)",,,,,cdaacdc9f4e5e3844f85416dbc33dcb54fc23ca9,Line,
"(92740, 41430, 1096)",,,,31 devPNB_29 at branch,,,Line Strip,ef605daf12a35786f71ef8363718c75c99a892cb
"(92740, 41430, 1096)","(92608, 40735, 1076)",,,,,ef605daf12a35786f71ef8363718c75c99a892cb,Line,
"(92608, 40735, 1076)","(92503, 40159, 1072)",,,,,ef605daf12a35786f71ef8363718c75c99a892cb,Line,
"(92503, 40159, 1072)","(92095, 39046, 1022)",,,,,ef605daf12a35786f71ef8363718c75c99a892cb,Line,
"(92095, 39046, 1022)","(91936, 38102, 998)",,,,,ef605daf12a35786f71ef8363718c75c99a892cb,Line,
"(98880, 52871, 1002)",,,,32 AIT,,,Line Strip,d1e48892ebb96a2de7486431c86b05dd4aa9cbec
"(98880, 52871, 1002)","(98602, 52781, 1032)",,,,,d1e48892ebb96a2de7486431c86b05dd4aa9cbec,Line,
"(98602, 52781, 1032)","(98551, 52877, 1063)",,,,,d1e48892ebb96a2de7486431c86b05dd4aa9cbec,Line,
"(98551, 52877, 1063)","(98291, 52945, 1092)",,,,,d1e48892ebb96a2de7486431c86b05dd4aa9cbec,Line,
"(96859, 47352, 1076)",,,,33 na,,,Line Strip,d11d89027a8172436d43f1727fc0d699ce55cc0b
"(96859, 47352, 1076)","(97215, 46886, 1097)",,,,,d11d89027a8172436d43f1727fc0d699ce55cc0b,Line,
"(97215, 46886, 1097)","(97567, 46596, 1106)",,,,,d11d89027a8172436d43f1727fc0d699ce55cc0b,Line,
"(97567, 46596, 1106)","(97895, 46358, 1144)",,,,,d11d89027a8172436d43f1727fc0d699ce55cc0b,Line,
"(96427, 50185, 1202)",,,,34 AIT,,,Line Strip,80a768e9b7318b15e593077a8f409f0120bd16d7
"(96427, 50185, 1202)","(96518, 49495, 1212)",,,,,80a768e9b7318b15e593077a8f409f0120bd16d7,Line,
"(96518, 49495, 1212)","(96705, 48946, 1192)",,,,,80a768e9b7318b15e593077a8f409f0120bd16d7,Line,
"(96705, 48946, 1192)","(96770, 48318, 1154)",,,,,80a768e9b7318b15e593077a8f409f0120bd16d7,Line,
"(96770, 48318, 1154)","(96833, 47938, 1160)",,,,,80a768e9b7318b15e593077a8f409f0120bd16d7,Line,
"(96833, 47938, 1160)","(96695, 47368, 1155)",,,,,80a768e9b7318b15e593077a8f409f0120bd16d7,Line,
"(96695, 47368, 1155)","(96769, 46872, 1135)",,,,,80a768e9b7318b15e593077a8f409f0120bd16d7,Line,
"(96769, 46872, 1135)","(96976, 46398, 1126)",,,,,80a768e9b7318b15e593077a8f409f0120bd16d7,Line,
"(96976, 46398, 1126)","(97077, 45890, 1114)",,,,,80a768e9b7318b15e593077a8f409f0120bd16d7,Line,
"(97077, 45890, 1114)","(97451, 45302, 1103)",,,,,80a768e9b7318b15e593077a8f409f0120bd16d7,Line,
"(97451, 45302, 1103)","(97718, 44956, 1082)",,,,,80a768e9b7318b15e593077a8f409f0120bd16d7,Line,
"(93779, 46479, 951)",,,,35 AIT,,,Line Strip,957b08d7bf9e2d8c7ed89423a2b0d5d453bb2750
"(93779, 46479, 951)","(93919, 46769, 977)",,,,,957b08d7bf9e2d8c7ed89423a2b0d5d453bb2750,Line,
"(93919, 46769, 977)","(94393, 47403, 1004)",,,,,957b08d7bf9e2d8c7ed89423a2b0d5d453bb2750,Line,
"(94393, 47403, 1004)","(95219, 48151, 1041)",,,,,957b08d7bf9e2d8c7ed89423a2b0d5d453bb2750,Line,
"(95219, 48151, 1041)","(95431, 48508, 1062)",,,,,957b08d7bf9e2d8c7ed89423a2b0d5d453bb2750,Line,
"(95431, 48508, 1062)","(95837, 48977, 1102)",,,,,957b08d7bf9e2d8c7ed89423a2b0d5d453bb2750,Line,
"(95837, 48977, 1102)","(96143, 49496, 1156)",,,,,957b08d7bf9e2d8c7ed89423a2b0d5d453bb2750,Line,
"(96143, 49496, 1156)","(96652, 50016, 1177)",,,,,957b08d7bf9e2d8c7ed89423a2b0d5d453bb2750,Line,
"(96652, 50016, 1177)","(96960, 50310, 1214)",,,,,957b08d7bf9e2d8c7ed89423a2b0d5d453bb2750,Line,
"(96960, 50310, 1214)","(97435, 50627, 1246)",,,,,957b08d7bf9e2d8c7ed89423a2b0d5d453bb2750,Line,
"(97435, 50627, 1246)","(97921, 51054, 1288)",,,,,957b08d7bf9e2d8c7ed89423a2b0d5d453bb2750,Line,
"(97921, 51054, 1288)","(98413, 51484, 1310)",,,,,957b08d7bf9e2d8c7ed89423a2b0d5d453bb2750,Line,
"(98413, 51484, 1310)","(98853, 51919, 1338)",,,,,957b08d7bf9e2d8c7ed89423a2b0d5d453bb2750,Line,
"(98853, 51919, 1338)","(99221, 52136, 1386)",,,,,957b08d7bf9e2d8c7ed89423a2b0d5d453bb2750,Line,
"(99221, 52136, 1386)","(99604, 52461, 1407)",,,,,957b08d7bf9e2d8c7ed89423a2b0d5d453bb2750,Line,
"(98093, 46174, 1151)",,,,36 na,,,Line Strip,95ea7ca01bf66a267bdacdb2f88632e1a1342c37
"(98093, 46174, 1151)","(98319, 45975, 1164)",,,,,95ea7ca01bf66a267bdacdb2f88632e1a1342c37,Line,
"(98319, 45975, 1164)","(98605, 45690, 1173)",,,,,95ea7ca01bf66a267bdacdb2f88632e1a1342c37,Line,
"(98605, 45690, 1173)","(98927, 45483, 1193)",,,,,95ea7ca01bf66a267bdacdb2f88632e1a1342c37,Line,
"(98927, 45483, 1193)","(99312, 45200, 1214)",,,,,95ea7ca01bf66a267bdacdb2f88632e1a1342c37,Line,
"(96280, 50748, 1228)",,,,37 AIT,,,Line Strip,908dbf292dcaa623274db6a92a5241dc4667fab3
"(96280, 50748, 1228)","(96317, 51646, 1261)",,,,,908dbf292dcaa623274db6a92a5241dc4667fab3,Line,
"(96317, 51646, 1261)","(96067, 52314, 1310)",,,,,908dbf292dcaa623274db6a92a5241dc4667fab3,Line,
"(96067, 52314, 1310)","(95476, 53186, 1347)",,,,,908dbf292dcaa623274db6a92a5241dc4667fab3,Line,
"(95476, 53186, 1347)","(94868, 54054, 1370)",,,,,908dbf292dcaa623274db6a92a5241dc4667fab3,Line,
"(94868, 54054, 1370)","(94319, 54599, 1392)",,,,,908dbf292dcaa623274db6a92a5241dc4667fab3,Line,
"(94319, 54599, 1392)","(94154, 54952, 1424)",,,,,908dbf292dcaa623274db6a92a5241dc4667fab3,Line,
"(94154, 54952, 1424)","(93893, 55210, 1441)",,,,,908dbf292dcaa623274db6a92a5241dc4667fab3,Line,
"(93893, 55210, 1441)","(93543, 56165, 1470)",,,,,908dbf292dcaa623274db6a92a5241dc4667fab3,Line,
"(89361, 63106, 859)",,,,38 na,,,Line Strip,8d039d993c73fe4377a4cd226a6c1d5e7871cc01
"(89361, 63106, 859)","(89316, 63793, 830)",,,,,8d039d993c73fe4377a4cd226a6c1d5e7871cc01,Line,
"(89316, 63793, 830)","(89302, 64341, 791)",,,,,8d039d993c73fe4377a4cd226a6c1d5e7871cc01,Line,
"(89302, 64341, 791)","(89308, 64931, 747)",,,,,8d039d993c73fe4377a4cd226a6c1d5e7871cc01,Line,
"(89308, 64931, 747)","(89478, 65400, 704)",,,,,8d039d993c73fe4377a4cd226a6c1d5e7871cc01,Line,
"(89478, 65400, 704)","(89665, 65904, 652)",,,,,8d039d993c73fe4377a4cd226a6c1d5e7871cc01,Line,
"(89665, 65904, 652)","(89928, 66211, 614)",,,,,8d039d993c73fe4377a4cd226a6c1d5e7871cc01,Line,
"(89928, 66211, 614)","(89997, 66477, 563)",,,,,8d039d993c73fe4377a4cd226a6c1d5e7871cc01,Line,
"(86783, 64982, 419)",,,,39 AIT,,,Line Strip,032409bb35456d96529ab3b08037f0ae18364c97
"(86783, 64982, 419)","(86845, 65326, 434)",,,,,032409bb35456d96529ab3b08037f0ae18364c97,Line,
"(86845, 65326, 434)","(87069, 65906, 434)",,,,,032409bb35456d96529ab3b08037f0ae18364c97,Line,
"(87069, 65906, 434)","(87239, 66448, 454)",,,,,032409bb35456d96529ab3b08037f0ae18364c97,Line,
"(87239, 66448, 454)","(87691, 67089, 492)",,,,,032409bb35456d96529ab3b08037f0ae18364c97,Line,
"(85917, 57624, 563)",,,,40 na,,,Line Strip,a005a2473c51566dbf097aebe4567381c02d4aa3
"(85917, 57624, 563)","(85949, 57737, 525)",,,,,a005a2473c51566dbf097aebe4567381c02d4aa3,Line,
"(85949, 57737, 525)","(86002, 57935, 459)",,,,,a005a2473c51566dbf097aebe4567381c02d4aa3,Line,
"(86002, 57935, 459)","(85985, 58178, 390)",,,,,a005a2473c51566dbf097aebe4567381c02d4aa3,Line,
"(85985, 58178, 390)","(85789, 58366, 307)",,,,,a005a2473c51566dbf097aebe4567381c02d4aa3,Line,
"(86103, 58269, 703)",,,,41 devPNB_30 at branch,,,Line Strip,44d5b07702be6c2afa8139a14b59288f4abb4cd2
"(86103, 58269, 703)","(85773, 57638, 686)",,,,,44d5b07702be6c2afa8139a14b59288f4abb4cd2,Line,
"(85773, 57638, 686)","(85516, 56946, 672)",,,,,44d5b07702be6c2afa8139a14b59288f4abb4cd2,Line,
"(85516, 56946, 672)","(85372, 56268, 678)",,,,,44d5b07702be6c2afa8139a14b59288f4abb4cd2,Line,
"(85372, 56268, 678)","(85040, 55520, 665)",,,,,44d5b07702be6c2afa8139a14b59288f4abb4cd2,Line,
"(85040, 55520, 665)","(85067, 54960, 665)",,,,,44d5b07702be6c2afa8139a14b59288f4abb4cd2,Line,
"(85067, 54960, 665)","(85158, 54471, 646)",,,,,44d5b07702be6c2afa8139a14b59288f4abb4cd2,Line,
"(85158, 54471, 646)","(85198, 54116, 640)",,,,,44d5b07702be6c2afa8139a14b59288f4abb4cd2,Line,
"(85198, 54116, 640)","(85216, 53796, 645)",,,,,44d5b07702be6c2afa8139a14b59288f4abb4cd2,Line,
"(86342, 58928, 726)",,,,42 devPNB_31 at branch,,,Line Strip,ac2f33ffcf597894eb925b0a3c2cb315ea9e9080
"(86342, 58928, 726)","(86338, 60167, 745)",,,,,ac2f33ffcf597894eb925b0a3c2cb315ea9e9080,Line,
"(86338, 60167, 745)","(86723, 60958, 774)",,,,,ac2f33ffcf597894eb925b0a3c2cb315ea9e9080,Line,
"(86723, 60958, 774)","(86449, 61582, 798)",,,,,ac2f33ffcf597894eb925b0a3c2cb315ea9e9080,Line,
"(86449, 61582, 798)","(86527, 62500, 789)",,,,,ac2f33ffcf597894eb925b0a3c2cb315ea9e9080,Line,
"(86527, 62500, 789)","(86484, 63210, 803)",,,,,ac2f33ffcf597894eb925b0a3c2cb315ea9e9080,Line,
"(86484, 63210, 803)","(86663, 64086, 790)",,,,,ac2f33ffcf597894eb925b0a3c2cb315ea9e9080,Line,
"(93385, 65116, 797)",,,,43 na,,,Line Strip,49235b0f6bb24afd3a8c2869e8f72dc1297d154c
"(93385, 65116, 797)","(93537, 64551, 783)",,,,,49235b0f6bb24afd3a8c2869e8f72dc1297d154c,Line,
"(93537, 64551, 783)","(93292, 63962, 796)",,,,,49235b0f6bb24afd3a8c2869e8f72dc1297d154c,Line,
"(93292, 63962, 796)","(93116, 63335, 779)",,,,,49235b0f6bb24afd3a8c2869e8f72dc1297d154c,Line,
"(93116, 63335, 779)","(93121, 62832, 746)",,,,,49235b0f6bb24afd3a8c2869e8f72dc1297d154c,Line,
"(93121, 62832, 746)","(92987, 62293, 730)",,,,,49235b0f6bb24afd3a8c2869e8f72dc1297d154c,Line,
"(92987, 62293, 730)","(93034, 61705, 707)",,,,,49235b0f6bb24afd3a8c2869e8f72dc1297d154c,Line,
"(89067, 38846, 1971)",,,,44 na,,,Line Strip,f0e4fcf3f4db97d39e3c91ee05eef8bc583c41e5
"(89067, 38846, 1971)","(88371, 39215, 2049)",,,,,f0e4fcf3f4db97d39e3c91ee05eef8bc583c41e5,Line,
"(88371, 39215, 2049)","(87855, 39429, 2109)",,,,,f0e4fcf3f4db97d39e3c91ee05eef8bc583c41e5,Line,
"(87855, 39429, 2109)","(86967, 39085, 2169)",,,,,f0e4fcf3f4db97d39e3c91ee05eef8bc583c41e5,Line,
"(86241, 38709, 1800)",,,,45 AIT,,,Line Strip,f4f647c175802613c4c394c6fb152c7d44d26f4a
"(86241, 38709, 1800)","(86102, 39577, 1818)",,,,,f4f647c175802613c4c394c6fb152c7d44d26f4a,Line,
"(86102, 39577, 1818)","(85853, 40435, 1835)",,,,,f4f647c175802613c4c394c6fb152c7d44d26f4a,Line,
"(85853, 40435, 1835)","(85851, 41152, 1876)",,,,,f4f647c175802613c4c394c6fb152c7d44d26f4a,Line,
"(85851, 41152, 1876)","(85980, 41686, 1900)",,,,,f4f647c175802613c4c394c6fb152c7d44d26f4a,Line,
"(85980, 41686, 1900)","(86198, 42480, 1962)",,,,,f4f647c175802613c4c394c6fb152c7d44d26f4a,Line,
"(86198, 42480, 1962)","(86296, 42992, 1961)",,,,,f4f647c175802613c4c394c6fb152c7d44d26f4a,Line,
"(86296, 42992, 1961)","(86174, 43431, 1995)",,,,,f4f647c175802613c4c394c6fb152c7d44d26f4a,Line,
"(86174, 43431, 1995)","(85948, 43904, 2016)",,,,,f4f647c175802613c4c394c6fb152c7d44d26f4a,Line,
"(85948, 43904, 2016)","(85696, 44586, 2005)",,,,,f4f647c175802613c4c394c6fb152c7d44d26f4a,Line,
"(85696, 44586, 2005)","(85673, 45426, 2025)",,,,,f4f647c175802613c4c394c6fb152c7d44d26f4a,Line,
"(85673, 45426, 2025)","(85535, 46160, 2049)",,,,,f4f647c175802613c4c394c6fb152c7d44d26f4a,Line,
"(85535, 46160, 2049)","(85634, 46161, 2054)",,,,,f4f647c175802613c4c394c6fb152c7d44d26f4a,Line,
"(84570, 37807, 1700)",,,,46 na,,,Line Strip,e26722554d81418458c01a5b7d6a9f28e11f271e
"(84570, 37807, 1700)","(84696, 37710, 1640)",,,,,e26722554d81418458c01a5b7d6a9f28e11f271e,Line,
"(84696, 37710, 1640)","(84904, 37583, 1585)",,,,,e26722554d81418458c01a5b7d6a9f28e11f271e,Line,
"(84904, 37583, 1585)","(84929, 37574, 1552)",,,,,e26722554d81418458c01a5b7d6a9f28e11f271e,Line,
"(84929, 37574, 1552)","(84881, 37592, 1530)",,,,,e26722554d81418458c01a5b7d6a9f28e11f271e,Line,
"(84881, 37592, 1530)","(84783, 37602, 1487)",,,,,e26722554d81418458c01a5b7d6a9f28e11f271e,Line,
"(84783, 37602, 1487)","(84722, 37492, 1452)",,,,,e26722554d81418458c01a5b7d6a9f28e11f271e,Line,
"(84722, 37492, 1452)","(84655, 37418, 1429)",,,,,e26722554d81418458c01a5b7d6a9f28e11f271e,Line,
"(84655, 37418, 1429)","(84683, 37306, 1393)",,,,,e26722554d81418458c01a5b7d6a9f28e11f271e,Line,
"(84683, 37306, 1393)","(84585, 37027, 1300)",,,,,e26722554d81418458c01a5b7d6a9f28e11f271e,Line,
"(84585, 37027, 1300)","(84313, 37533, 1106)",,,,,e26722554d81418458c01a5b7d6a9f28e11f271e,Line,
"(84313, 37533, 1106)","(84027, 38059, 998)",,,,,e26722554d81418458c01a5b7d6a9f28e11f271e,Line,
"(84027, 38059, 998)","(84076, 38617, 945)",,,,,e26722554d81418458c01a5b7d6a9f28e11f271e,Line,
"(84076, 38617, 945)","(84044, 38926, 906)",,,,,e26722554d81418458c01a5b7d6a9f28e11f271e,Line,
"(84044, 38926, 906)","(83550, 39322, 819)",,,,,e26722554d81418458c01a5b7d6a9f28e11f271e,Line,
"(83550, 39322, 819)","(83529, 39346, 817)",,,,,e26722554d81418458c01a5b7d6a9f28e11f271e,Line,
"(83556, 39393, 806)",,,,47 na,,,Line Strip,761344e4b6a3a0c39d7014ccfa99bfd2d949fe9d
"(83556, 39393, 806)","(82818, 39534, 683)",,,,,761344e4b6a3a0c39d7014ccfa99bfd2d949fe9d,Line,
"(82818, 39534, 683)","(81845, 39021, 526)",,,,,761344e4b6a3a0c39d7014ccfa99bfd2d949fe9d,Line,
"(81845, 39021, 526)","(81180, 38980, 369)",,,,,761344e4b6a3a0c39d7014ccfa99bfd2d949fe9d,Line,
"(81180, 38980, 369)","(80864, 38856, 269)",,,,,761344e4b6a3a0c39d7014ccfa99bfd2d949fe9d,Line,
"(80864, 38856, 269)","(80627, 38789, 210)",,,,,761344e4b6a3a0c39d7014ccfa99bfd2d949fe9d,Line,
"(80627, 38789, 210)","(80335, 38810, 184)",,,,,761344e4b6a3a0c39d7014ccfa99bfd2d949fe9d,Line,
"(83469, 50208, 946)",,,,48 na,,,Line Strip,97b216f1c18c665f40992b51cbf1b389abd4e456
"(83469, 50208, 946)","(83706, 50328, 922)",,,,,97b216f1c18c665f40992b51cbf1b389abd4e456,Line,
"(83706, 50328, 922)","(84005, 50421, 899)",,,,,97b216f1c18c665f40992b51cbf1b389abd4e456,Line,
"(84005, 50421, 899)","(84357, 50563, 880)",,,,,97b216f1c18c665f40992b51cbf1b389abd4e456,Line,
"(82570, 44201, 230)",,,,49 na,,,Line Strip,347d432e3537d461d3ef9c7881b920cc1ac81081
"(82570, 44201, 230)","(82611, 43799, 188)",,,,,347d432e3537d461d3ef9c7881b920cc1ac81081,Line,
"(82611, 43799, 188)","(82588, 43516, 148)",,,,,347d432e3537d461d3ef9c7881b920cc1ac81081,Line,
"(82588, 43516, 148)","(82536, 43302, 106)",,,,,347d432e3537d461d3ef9c7881b920cc1ac81081,Line,
"(82536, 43302, 106)","(82728, 42557, 6)",,,,,347d432e3537d461d3ef9c7881b920cc1ac81081,Line,
"(82593, 44471, 251)",,,,50 na,,,Line Strip,1e1fed3181d05180e112f36d95f0fc168db1ea42
"(82593, 44471, 251)","(82516, 45416, 375)",,,,,1e1fed3181d05180e112f36d95f0fc168db1ea42,Line,
"(82516, 45416, 375)","(82484, 46307, 479)",,,,,1e1fed3181d05180e112f36d95f0fc168db1ea42,Line,
"(82484, 46307, 479)","(82624, 47456, 569)",,,,,1e1fed3181d05180e112f36d95f0fc168db1ea42,Line,
"(82624, 47456, 569)","(82698, 48341, 655)",,,,,1e1fed3181d05180e112f36d95f0fc168db1ea42,Line,
"(82698, 48341, 655)","(82928, 48758, 744)",,,,,1e1fed3181d05180e112f36d95f0fc168db1ea42,Line,
"(82928, 48758, 744)","(83242, 49194, 821)",,,,,1e1fed3181d05180e112f36d95f0fc168db1ea42,Line,
"(83242, 49194, 821)","(83548, 49702, 884)",,,,,1e1fed3181d05180e112f36d95f0fc168db1ea42,Line,
"(83548, 49702, 884)","(83848, 50214, 951)",,,,,1e1fed3181d05180e112f36d95f0fc168db1ea42,Line,
"(83034, 41183, 958)",,,,51 na,,,Line Strip,160fed11d6745ba4f643c0445ed69207ed4ab75f
"(83034, 41183, 958)","(83472, 41609, 955)",,,,,160fed11d6745ba4f643c0445ed69207ed4ab75f,Line,
"(83472, 41609, 955)","(83421, 42365, 943)",,,,,160fed11d6745ba4f643c0445ed69207ed4ab75f,Line,
"(83421, 42365, 943)","(83485, 42896, 955)",,,,,160fed11d6745ba4f643c0445ed69207ed4ab75f,Line,
"(83485, 42896, 955)","(83736, 43730, 999)",,,,,160fed11d6745ba4f643c0445ed69207ed4ab75f,Line,
"(83736, 43730, 999)","(83553, 44358, 990)",,,,,160fed11d6745ba4f643c0445ed69207ed4ab75f,Line,
"(83553, 44358, 990)","(83154, 45106, 1003)",,,,,160fed11d6745ba4f643c0445ed69207ed4ab75f,Line,
"(83154, 45106, 1003)","(83091, 45844, 1011)",,,,,160fed11d6745ba4f643c0445ed69207ed4ab75f,Line,
"(83091, 45844, 1011)","(83233, 46510, 1020)",,,,,160fed11d6745ba4f643c0445ed69207ed4ab75f,Line,
"(83233, 46510, 1020)","(83263, 47090, 1048)",,,,,160fed11d6745ba4f643c0445ed69207ed4ab75f,Line,
"(83263, 47090, 1048)","(83425, 47716, 1057)",,,,,160fed11d6745ba4f643c0445ed69207ed4ab75f,Line,
"(84046, 46553, 946)",,,,52 na,,,Line Strip,ad758b0059f391745da7069a249432133873e112
"(84046, 46553, 946)","(84001, 47297, 978)",,,,,ad758b0059f391745da7069a249432133873e112,Line,
"(84001, 47297, 978)","(83903, 47618, 1001)",,,,,ad758b0059f391745da7069a249432133873e112,Line,
"(83903, 47618, 1001)","(83785, 48142, 999)",,,,,ad758b0059f391745da7069a249432133873e112,Line,
"(83785, 48142, 999)","(83747, 48331, 998)",,,,,ad758b0059f391745da7069a249432133873e112,Line,
"(86464, 42213, 500)",,,,53 dendrite,,,Line Strip,21bbbafd356fb4daad44571da068ff99a4214800
"(86464, 42213, 500)","(86493, 41680, 491)",,,,,21bbbafd356fb4daad44571da068ff99a4214800,Line,
"(86493, 41680, 491)","(86772, 41266, 495)",,,,,21bbbafd356fb4daad44571da068ff99a4214800,Line,
"(78608, 46738, 509)",,,,54 na,,,Line Strip,571fcbd5b761dd0d9fd84290f136a28c4d1444ca
"(78608, 46738, 509)","(77940, 46747, 511)",,,,,571fcbd5b761dd0d9fd84290f136a28c4d1444ca,Line,
"(77940, 46747, 511)","(77155, 46564, 520)",,,,,571fcbd5b761dd0d9fd84290f136a28c4d1444ca,Line,
"(77155, 46564, 520)","(76376, 46422, 515)",,,,,571fcbd5b761dd0d9fd84290f136a28c4d1444ca,Line,
"(76376, 46422, 515)","(75728, 46235, 505)",,,,,571fcbd5b761dd0d9fd84290f136a28c4d1444ca,Line,
"(75728, 46235, 505)","(75105, 46033, 483)",,,,,571fcbd5b761dd0d9fd84290f136a28c4d1444ca,Line,
"(75105, 46033, 483)","(74544, 45744, 485)",,,,,571fcbd5b761dd0d9fd84290f136a28c4d1444ca,Line,
"(75869, 44845, 2)",,,,55 na,,,Line Strip,523e66d1e19587ddfaa409a6d001079ab94734fb
"(75869, 44845, 2)","(75831, 44804, 94)",,,,,523e66d1e19587ddfaa409a6d001079ab94734fb,Line,
"(75831, 44804, 94)","(75669, 44811, 144)",,,,,523e66d1e19587ddfaa409a6d001079ab94734fb,Line,
"(75669, 44811, 144)","(75565, 44730, 195)",,,,,523e66d1e19587ddfaa409a6d001079ab94734fb,Line,
"(75565, 44730, 195)","(75309, 44609, 267)",,,,,523e66d1e19587ddfaa409a6d001079ab94734fb,Line,
"(75309, 44609, 267)","(75192, 44549, 337)",,,,,523e66d1e19587ddfaa409a6d001079ab94734fb,Line,
"(75192, 44549, 337)","(75124, 44443, 391)",,,,,523e66d1e19587ddfaa409a6d001079ab94734fb,Line,
"(75124, 44443, 391)","(75185, 44069, 460)",,,,,523e66d1e19587ddfaa409a6d001079ab94734fb,Line,
"(71301, 41908, 753)",,,,56 na,,,Line Strip,a43732b07bb4ecd1ae90bf755a6a46b58f7b5b7a
"(71301, 41908, 753)","(71354, 41734, 685)",,,,,a43732b07bb4ecd1ae90bf755a6a46b58f7b5b7a,Line,
"(71354, 41734, 685)","(71490, 41503, 604)",,,,,a43732b07bb4ecd1ae90bf755a6a46b58f7b5b7a,Line,
"(71490, 41503, 604)","(71532, 41501, 547)",,,,,a43732b07bb4ecd1ae90bf755a6a46b58f7b5b7a,Line,
"(71532, 41501, 547)","(71493, 41513, 475)",,,,,a43732b07bb4ecd1ae90bf755a6a46b58f7b5b7a,Line,
"(71493, 41513, 475)","(70851, 41348, 399)",,,,,a43732b07bb4ecd1ae90bf755a6a46b58f7b5b7a,Line,
"(73908, 45592, 1326)",,,,57 devPNB_19 at branch,,,Line Strip,dc080bfb40c41bdc3b770005dc23b4d7a1a54d84
"(73908, 45592, 1326)","(72989, 45019, 1237)",,,,,dc080bfb40c41bdc3b770005dc23b4d7a1a54d84,Line,
"(72989, 45019, 1237)","(71578, 44457, 1158)",,,,,dc080bfb40c41bdc3b770005dc23b4d7a1a54d84,Line,
"(71578, 44457, 1158)","(70812, 44443, 1094)",,,,,dc080bfb40c41bdc3b770005dc23b4d7a1a54d84,Line,
"(70812, 44443, 1094)","(69903, 44579, 1051)",,,,,dc080bfb40c41bdc3b770005dc23b4d7a1a54d84,Line,
"(69903, 44579, 1051)","(69327, 44563, 1003)",,,,,dc080bfb40c41bdc3b770005dc23b4d7a1a54d84,Line,
"(69327, 44563, 1003)","(68646, 44745, 960)",,,,,dc080bfb40c41bdc3b770005dc23b4d7a1a54d84,Line,
"(68646, 44745, 960)","(67573, 45143, 901)",,,,,dc080bfb40c41bdc3b770005dc23b4d7a1a54d84,Line,
"(67573, 45143, 901)","(66854, 45357, 856)",,,,,dc080bfb40c41bdc3b770005dc23b4d7a1a54d84,Line,
"(66854, 45357, 856)","(66062, 45669, 787)",,,,,dc080bfb40c41bdc3b770005dc23b4d7a1a54d84,Line,
"(66062, 45669, 787)","(65190, 45723, 754)",,,,,dc080bfb40c41bdc3b770005dc23b4d7a1a54d84,Line,
"(65190, 45723, 754)","(64147, 45677, 721)",,,,,dc080bfb40c41bdc3b770005dc23b4d7a1a54d84,Line,
"(64147, 45677, 721)","(63617, 45741, 678)",,,,,dc080bfb40c41bdc3b770005dc23b4d7a1a54d84,Line,
"(63617, 45741, 678)","(62698, 45815, 646)",,,,,dc080bfb40c41bdc3b770005dc23b4d7a1a54d84,Line,
"(62698, 45815, 646)","(62130, 45814, 625)",,,,,dc080bfb40c41bdc3b770005dc23b4d7a1a54d84,Line,
"(75698, 43579, 98)",,,,58 na,,,Line Strip,1f61241eba8a281a656eb0944dec42c688366b90
"(75698, 43579, 98)","(75076, 43570, 109)",,,,,1f61241eba8a281a656eb0944dec42c688366b90,Line,
"(75076, 43570, 109)","(74433, 43390, 159)",,,,,1f61241eba8a281a656eb0944dec42c688366b90,Line,
"(74433, 43390, 159)","(73704, 42693, 245)",,,,,1f61241eba8a281a656eb0944dec42c688366b90,Line,
"(73704, 42693, 245)","(73089, 42185, 308)",,,,,1f61241eba8a281a656eb0944dec42c688366b90,Line,
"(73089, 42185, 308)","(72641, 41736, 362)",,,,,1f61241eba8a281a656eb0944dec42c688366b90,Line,
"(72641, 41736, 362)","(72177, 41435, 396)",,,,,1f61241eba8a281a656eb0944dec42c688366b90,Line,
"(72177, 41435, 396)","(72069, 41212, 438)",,,,,1f61241eba8a281a656eb0944dec42c688366b90,Line,
"(72069, 41212, 438)","(71992, 41086, 476)",,,,,1f61241eba8a281a656eb0944dec42c688366b90,Line,
"(71992, 41086, 476)","(71872, 40924, 521)",,,,,1f61241eba8a281a656eb0944dec42c688366b90,Line,
"(71872, 40924, 521)","(71509, 40671, 569)",,,,,1f61241eba8a281a656eb0944dec42c688366b90,Line,
"(71509, 40671, 569)","(70995, 40576, 591)",,,,,1f61241eba8a281a656eb0944dec42c688366b90,Line,
"(70995, 40576, 591)","(70522, 40376, 607)",,,,,1f61241eba8a281a656eb0944dec42c688366b90,Line,
"(70522, 40376, 607)","(70042, 40262, 644)",,,,,1f61241eba8a281a656eb0944dec42c688366b90,Line,
"(77463, 53875, 1467)",,,,59 AIT,,,Line Strip,d7b67da1760defbb9ee82a062d4bb6cbbe3ad627
"(77463, 53875, 1467)","(78102, 53273, 1477)",,,,,d7b67da1760defbb9ee82a062d4bb6cbbe3ad627,Line,
"(78102, 53273, 1477)","(78643, 52803, 1448)",,,,,d7b67da1760defbb9ee82a062d4bb6cbbe3ad627,Line,
"(78643, 52803, 1448)","(79053, 52313, 1429)",,,,,d7b67da1760defbb9ee82a062d4bb6cbbe3ad627,Line,
"(79053, 52313, 1429)","(79563, 51977, 1394)",,,,,d7b67da1760defbb9ee82a062d4bb6cbbe3ad627,Line,
"(79563, 51977, 1394)","(79971, 51692, 1377)",,,,,d7b67da1760defbb9ee82a062d4bb6cbbe3ad627,Line,
"(105575, 43299, 1053)",,,,60 na,,,Line Strip,12bed8dd1345dcbb4496a978838043d09a5f05e3
"(105575, 43299, 1053)","(106030, 42963, 1044)",,,,,12bed8dd1345dcbb4496a978838043d09a5f05e3,Line,
"(106030, 42963, 1044)","(106823, 42656, 1041)",,,,,12bed8dd1345dcbb4496a978838043d09a5f05e3,Line,
"(106823, 42656, 1041)","(107309, 42474, 1036)",,,,,12bed8dd1345dcbb4496a978838043d09a5f05e3,Line,
"(107309, 42474, 1036)","(107990, 42456, 1024)",,,,,12bed8dd1345dcbb4496a978838043d09a5f05e3,Line,
"(107990, 42456, 1024)","(108450, 42463, 1002)",,,,,12bed8dd1345dcbb4496a978838043d09a5f05e3,Line,
"(108450, 42463, 1002)","(108772, 42418, 988)",,,,,12bed8dd1345dcbb4496a978838043d09a5f05e3,Line,
"(95545, 38206, 956)",,,,61 na,,,Line Strip,1283e5879450b3fecba80f3ef8f278314649ac8a
"(95545, 38206, 956)","(96109, 39311, 1024)",,,,,1283e5879450b3fecba80f3ef8f278314649ac8a,Line,
"(96109, 39311, 1024)","(96858, 40426, 1082)",,,,,1283e5879450b3fecba80f3ef8f278314649ac8a,Line,
"(96858, 40426, 1082)","(97326, 41795, 1164)",,,,,1283e5879450b3fecba80f3ef8f278314649ac8a,Line,
"(97326, 41795, 1164)","(97473, 42834, 1179)",,,,,1283e5879450b3fecba80f3ef8f278314649ac8a,Line,
"(97473, 42834, 1179)","(97449, 44759, 1232)",,,,,1283e5879450b3fecba80f3ef8f278314649ac8a,Line,
"(97449, 44759, 1232)","(97449, 44759, 1232)",,,,,1283e5879450b3fecba80f3ef8f278314649ac8a,Line,
"(97449, 44759, 1232)","(97449, 44800, 1238)",,,,,1283e5879450b3fecba80f3ef8f278314649ac8a,Line,
"(97608, 44898, 1243)",,,,62 na,,,Line Strip,8a1042878af361ae59ac9194afedd7f81ace6db6
"(97608, 44898, 1243)","(97531, 45476, 1283)",,,,,8a1042878af361ae59ac9194afedd7f81ace6db6,Line,
"(97531, 45476, 1283)","(97630, 46067, 1329)",,,,,8a1042878af361ae59ac9194afedd7f81ace6db6,Line,
"(97630, 46067, 1329)","(97578, 46669, 1361)",,,,,8a1042878af361ae59ac9194afedd7f81ace6db6,Line,
"(97578, 46669, 1361)","(97842, 47123, 1376)",,,,,8a1042878af361ae59ac9194afedd7f81ace6db6,Line,
"(97842, 47123, 1376)","(98111, 47911, 1417)",,,,,8a1042878af361ae59ac9194afedd7f81ace6db6,Line,
"(98111, 47911, 1417)","(97990, 48455, 1416)",,,,,8a1042878af361ae59ac9194afedd7f81ace6db6,Line,
"(97990, 48455, 1416)","(98048, 49003, 1425)",,,,,8a1042878af361ae59ac9194afedd7f81ace6db6,Line,
"(87068, 67713, 977)",,,,63 AIT,,,Line Strip,5935f7c718b417e7b1ce10f1bea4d090a33dde94
"(87068, 67713, 977)","(86905, 67029, 960)",,,,,5935f7c718b417e7b1ce10f1bea4d090a33dde94,Line,
"(86905, 67029, 960)","(86792, 66201, 979)",,,,,5935f7c718b417e7b1ce10f1bea4d090a33dde94,Line,
"(86792, 66201, 979)","(86922, 65651, 989)",,,,,5935f7c718b417e7b1ce10f1bea4d090a33dde94,Line,
"(86922, 65651, 989)","(87046, 65037, 981)",,,,,5935f7c718b417e7b1ce10f1bea4d090a33dde94,Line,
"(87046, 65037, 981)","(87167, 64417, 991)",,,,,5935f7c718b417e7b1ce10f1bea4d090a33dde94,Line,
"(87167, 64417, 991)","(87297, 63569, 992)",,,,,5935f7c718b417e7b1ce10f1bea4d090a33dde94,Line,
"(87297, 63569, 992)","(87422, 62798, 984)",,,,,5935f7c718b417e7b1ce10f1bea4d090a33dde94,Line,
"(87422, 62798, 984)","(87398, 62153, 965)",,,,,5935f7c718b417e7b1ce10f1bea4d090a33dde94,Line,
"(87398, 62153, 965)","(87405, 61444, 940)",,,,,5935f7c718b417e7b1ce10f1bea4d090a33dde94,Line,
"(87405, 61444, 940)","(87340, 60850, 927)",,,,,5935f7c718b417e7b1ce10f1bea4d090a33dde94,Line,
"(87340, 60850, 927)","(87365, 60423, 922)",,,,,5935f7c718b417e7b1ce10f1bea4d090a33dde94,Line,
"(87365, 60423, 922)","(87462, 60041, 918)",,,,,5935f7c718b417e7b1ce10f1bea4d090a33dde94,Line,
"(87462, 60041, 918)","(87309, 59699, 876)",,,,,5935f7c718b417e7b1ce10f1bea4d090a33dde94,Line,
"(86923, 67308, 948)",,,,64 na,,,Line Strip,ee3bb8eaf6f2ff37a02e46fef482e798e95dbd2c
"(86923, 67308, 948)","(87146, 67967, 979)",,,,,ee3bb8eaf6f2ff37a02e46fef482e798e95dbd2c,Line,
"(87146, 67967, 979)","(87274, 68786, 981)",,,,,ee3bb8eaf6f2ff37a02e46fef482e798e95dbd2c,Line,
"(87274, 68786, 981)","(87145, 69310, 1011)",,,,,ee3bb8eaf6f2ff37a02e46fef482e798e95dbd2c,Line,
"(87145, 69310, 1011)","(86897, 70194, 1002)",,,,,ee3bb8eaf6f2ff37a02e46fef482e798e95dbd2c,Line,
"(86897, 70194, 1002)","(86813, 70402, 999)",,,,,ee3bb8eaf6f2ff37a02e46fef482e798e95dbd2c,Line,
"(86813, 70402, 999)","(86849, 70873, 1007)",,,,,ee3bb8eaf6f2ff37a02e46fef482e798e95dbd2c,Line,
"(86849, 70873, 1007)","(86800, 71650, 1017)",,,,,ee3bb8eaf6f2ff37a02e46fef482e798e95dbd2c,Line,
"(86800, 71650, 1017)","(86874, 71720, 1022)",,,,,ee3bb8eaf6f2ff37a02e46fef482e798e95dbd2c,Line,
"(82472, 44151, 399)",,,,65 devPNB_02 at branch TTT,,,Line Strip,4550781e3552788fe3c3a8ed0fc6ac43f3bdf374
"(82472, 44151, 399)","(83302, 44680, 453)",,,,,4550781e3552788fe3c3a8ed0fc6ac43f3bdf374,Line,
"(83302, 44680, 453)","(84356, 45362, 508)",,,,,4550781e3552788fe3c3a8ed0fc6ac43f3bdf374,Line,
"(84356, 45362, 508)","(85485, 46134, 525)",,,,,4550781e3552788fe3c3a8ed0fc6ac43f3bdf374,Line,
"(85485, 46134, 525)","(85892, 45894, 523)",,,,,4550781e3552788fe3c3a8ed0fc6ac43f3bdf374,Line,
"(85892, 45894, 523)","(86643, 45762, 459)",,,,,4550781e3552788fe3c3a8ed0fc6ac43f3bdf374,Line,
"(86643, 45762, 459)","(87333, 45781, 401)",,,,,4550781e3552788fe3c3a8ed0fc6ac43f3bdf374,Line,
"(87333, 45781, 401)","(88166, 45918, 381)",,,,,4550781e3552788fe3c3a8ed0fc6ac43f3bdf374,Line,
"(88166, 45918, 381)","(88907, 46166, 364)",,,,,4550781e3552788fe3c3a8ed0fc6ac43f3bdf374,Line,
"(88907, 46166, 364)","(89463, 46629, 346)",,,,,4550781e3552788fe3c3a8ed0fc6ac43f3bdf374,Line,
"(89463, 46629, 346)","(90339, 47475, 357)",,,,,4550781e3552788fe3c3a8ed0fc6ac43f3bdf374,Line,
"(90339, 47475, 357)","(90972, 48188, 353)",,,,,4550781e3552788fe3c3a8ed0fc6ac43f3bdf374,Line,
"(90972, 48188, 353)","(91826, 49236, 336)",,,,,4550781e3552788fe3c3a8ed0fc6ac43f3bdf374,Line,
"(91826, 49236, 336)","(92466, 49885, 337)",,,,,4550781e3552788fe3c3a8ed0fc6ac43f3bdf374,Line,
"(84665, 44603, 801)",,,,66 devPNB_04 at branch,,,Line Strip,7f10b27590b4f1dd606bfe7cfe3ee04fe275e8e2
"(84665, 44603, 801)","(85181, 44622, 805)",,,,,7f10b27590b4f1dd606bfe7cfe3ee04fe275e8e2,Line,
"(85181, 44622, 805)","(85641, 44708, 810)",,,,,7f10b27590b4f1dd606bfe7cfe3ee04fe275e8e2,Line,
"(85641, 44708, 810)","(86152, 44985, 803)",,,,,7f10b27590b4f1dd606bfe7cfe3ee04fe275e8e2,Line,
"(86152, 44985, 803)","(86681, 45203, 787)",,,,,7f10b27590b4f1dd606bfe7cfe3ee04fe275e8e2,Line,
"(86681, 45203, 787)","(87208, 45430, 767)",,,,,7f10b27590b4f1dd606bfe7cfe3ee04fe275e8e2,Line,
"(87208, 45430, 767)","(87667, 45607, 769)",,,,,7f10b27590b4f1dd606bfe7cfe3ee04fe275e8e2,Line,
"(87667, 45607, 769)","(87968, 45870, 754)",,,,,7f10b27590b4f1dd606bfe7cfe3ee04fe275e8e2,Line,
"(87968, 45870, 754)","(87948, 46338, 745)",,,,,7f10b27590b4f1dd606bfe7cfe3ee04fe275e8e2,Line,
"(78183, 57153, 808)",,,,67 devPNB_08 at 2 branches,,,Line Strip,a5b53f1291cc309cfd60671b168de8f04e8b39f0
"(78183, 57153, 808)","(78128, 57606, 792)",,,,,a5b53f1291cc309cfd60671b168de8f04e8b39f0,Line,
"(78128, 57606, 792)","(78094, 57837, 789)",,,,,a5b53f1291cc309cfd60671b168de8f04e8b39f0,Line,
"(78094, 57837, 789)","(77908, 58234, 772)",,,,,a5b53f1291cc309cfd60671b168de8f04e8b39f0,Line,
"(94827, 43140, 1233)",,,,68 devPNB_09 at branch,,,Line Strip,7a5c1a57c012689d5d17b6a12c67b81e38bf52b1
"(94827, 43140, 1233)","(94982, 42923, 1231)",,,,,7a5c1a57c012689d5d17b6a12c67b81e38bf52b1,Line,
"(94982, 42923, 1231)","(95268, 42731, 1226)",,,,,7a5c1a57c012689d5d17b6a12c67b81e38bf52b1,Line,
"(95268, 42731, 1226)","(95492, 42636, 1234)",,,,,7a5c1a57c012689d5d17b6a12c67b81e38bf52b1,Line,
"(95492, 42636, 1234)","(95587, 42571, 1239)",,,,,7a5c1a57c012689d5d17b6a12c67b81e38bf52b1,Line,
"(92981, 44795, 1000)",,,,69 devPNB_10 at branch,,,Line Strip,514dbed674cacfad41a6143db95bc8bfb5e0bdc0
"(92981, 44795, 1000)","(93417, 45091, 1001)",,,,,514dbed674cacfad41a6143db95bc8bfb5e0bdc0,Line,
"(93417, 45091, 1001)","(93877, 45204, 1004)",,,,,514dbed674cacfad41a6143db95bc8bfb5e0bdc0,Line,
"(93877, 45204, 1004)","(94276, 45532, 997)",,,,,514dbed674cacfad41a6143db95bc8bfb5e0bdc0,Line,
"(94276, 45532, 997)","(94526, 45809, 1005)",,,,,514dbed674cacfad41a6143db95bc8bfb5e0bdc0,Line,
"(94526, 45809, 1005)","(94993, 46119, 998)",,,,,514dbed674cacfad41a6143db95bc8bfb5e0bdc0,Line,
"(94993, 46119, 998)","(95355, 46558, 1000)",,,,,514dbed674cacfad41a6143db95bc8bfb5e0bdc0,Line,
"(91208, 44707, 1215)",,,,70 devPNB_12 at branch,,,Line Strip,381f3627b4ef62f872bb6097bfe2111f2132b4fc
"(91208, 44707, 1215)","(91233, 44592, 1173)",,,,,381f3627b4ef62f872bb6097bfe2111f2132b4fc,Line,
"(91233, 44592, 1173)","(91568, 44471, 1135)",,,,,381f3627b4ef62f872bb6097bfe2111f2132b4fc,Line,
"(91568, 44471, 1135)","(91945, 44484, 1097)",,,,,381f3627b4ef62f872bb6097bfe2111f2132b4fc,Line,
"(91945, 44484, 1097)","(92318, 44515, 1051)",,,,,381f3627b4ef62f872bb6097bfe2111f2132b4fc,Line,
"(92318, 44515, 1051)","(92827, 44748, 1005)",,,,,381f3627b4ef62f872bb6097bfe2111f2132b4fc,Line,
"(91247, 44822, 1205)",,,,71 AIT,,,Line Strip,a0aad2e75e17919e9aacc05cc57fcbcb9e455c2f
"(91247, 44822, 1205)","(90954, 45385, 1259)",,,,,a0aad2e75e17919e9aacc05cc57fcbcb9e455c2f,Line,
"(90954, 45385, 1259)","(90532, 45495, 1339)",,,,,a0aad2e75e17919e9aacc05cc57fcbcb9e455c2f,Line,
"(90532, 45495, 1339)","(90280, 45830, 1382)",,,,,a0aad2e75e17919e9aacc05cc57fcbcb9e455c2f,Line,
"(90280, 45830, 1382)","(89740, 46046, 1438)",,,,,a0aad2e75e17919e9aacc05cc57fcbcb9e455c2f,Line,
"(89740, 46046, 1438)","(89393, 46224, 1490)",,,,,a0aad2e75e17919e9aacc05cc57fcbcb9e455c2f,Line,
"(89393, 46224, 1490)","(89143, 46391, 1542)",,,,,a0aad2e75e17919e9aacc05cc57fcbcb9e455c2f,Line,
"(89143, 46391, 1542)","(88932, 46590, 1567)",,,,,a0aad2e75e17919e9aacc05cc57fcbcb9e455c2f,Line,
"(88932, 46590, 1567)","(88585, 46801, 1604)",,,,,a0aad2e75e17919e9aacc05cc57fcbcb9e455c2f,Line,
"(88585, 46801, 1604)","(87986, 47145, 1650)",,,,,a0aad2e75e17919e9aacc05cc57fcbcb9e455c2f,Line,
"(87986, 47145, 1650)","(87325, 47359, 1703)",,,,,a0aad2e75e17919e9aacc05cc57fcbcb9e455c2f,Line,
"(87325, 47359, 1703)","(87131, 48044, 1742)",,,,,a0aad2e75e17919e9aacc05cc57fcbcb9e455c2f,Line,
"(87131, 48044, 1742)","(86985, 48537, 1796)",,,,,a0aad2e75e17919e9aacc05cc57fcbcb9e455c2f,Line,
"(86985, 48537, 1796)","(86845, 48908, 1873)",,,,,a0aad2e75e17919e9aacc05cc57fcbcb9e455c2f,Line,
"(86845, 48908, 1873)","(86588, 49425, 1931)",,,,,a0aad2e75e17919e9aacc05cc57fcbcb9e455c2f,Line,
"(86588, 49425, 1931)","(86317, 49851, 1979)",,,,,a0aad2e75e17919e9aacc05cc57fcbcb9e455c2f,Line,
"(86317, 49851, 1979)","(85884, 50665, 2013)",,,,,a0aad2e75e17919e9aacc05cc57fcbcb9e455c2f,Line,
"(90663, 43477, 1205)",,,,72 na,,,Line Strip,2743a1086fd1a68d3061d5a57c97bd90616a5aea
"(90663, 43477, 1205)","(90403, 43762, 1246)",,,,,2743a1086fd1a68d3061d5a57c97bd90616a5aea,Line,
"(90403, 43762, 1246)","(90182, 44015, 1275)",,,,,2743a1086fd1a68d3061d5a57c97bd90616a5aea,Line,
"(90182, 44015, 1275)","(90079, 44350, 1323)",,,,,2743a1086fd1a68d3061d5a57c97bd90616a5aea,Line,
"(90079, 44350, 1323)","(89945, 44483, 1379)",,,,,2743a1086fd1a68d3061d5a57c97bd90616a5aea,Line,
"(89945, 44483, 1379)","(89607, 44741, 1411)",,,,,2743a1086fd1a68d3061d5a57c97bd90616a5aea,Line,
"(89607, 44741, 1411)","(89566, 44943, 1410)",,,,,2743a1086fd1a68d3061d5a57c97bd90616a5aea,Line,
"(89566, 44943, 1410)","(89481, 45072, 1469)",,,,,2743a1086fd1a68d3061d5a57c97bd90616a5aea,Line,
"(89481, 45072, 1469)","(89229, 45296, 1521)",,,,,2743a1086fd1a68d3061d5a57c97bd90616a5aea,Line,
"(89229, 45296, 1521)","(88988, 45720, 1541)",,,,,2743a1086fd1a68d3061d5a57c97bd90616a5aea,Line,
"(88988, 45720, 1541)","(88675, 46201, 1554)",,,,,2743a1086fd1a68d3061d5a57c97bd90616a5aea,Line,
"(88675, 46201, 1554)","(88370, 46399, 1577)",,,,,2743a1086fd1a68d3061d5a57c97bd90616a5aea,Line,
"(88370, 46399, 1577)","(88229, 46776, 1585)",,,,,2743a1086fd1a68d3061d5a57c97bd90616a5aea,Line,
"(88229, 46776, 1585)","(88137, 47106, 1601)",,,,,2743a1086fd1a68d3061d5a57c97bd90616a5aea,Line,
"(88137, 47106, 1601)","(87866, 47464, 1632)",,,,,2743a1086fd1a68d3061d5a57c97bd90616a5aea,Line,
"(77291, 39827, 1157)",,,,73 devPNB_33a at branch,,,Line Strip,6e239f15a838dec96fa30fb93619b23fa5fc88a2
"(77291, 39827, 1157)","(77818, 40142, 1169)",,,,,6e239f15a838dec96fa30fb93619b23fa5fc88a2,Line,
"(77818, 40142, 1169)","(78194, 40390, 1169)",,,,,6e239f15a838dec96fa30fb93619b23fa5fc88a2,Line,
"(78194, 40390, 1169)","(78983, 40638, 1166)",,,,,6e239f15a838dec96fa30fb93619b23fa5fc88a2,Line,
"(78983, 40638, 1166)","(79264, 41541, 1192)",,,,,6e239f15a838dec96fa30fb93619b23fa5fc88a2,Line,
"(79264, 41541, 1192)","(79505, 42282, 1207)",,,,,6e239f15a838dec96fa30fb93619b23fa5fc88a2,Line,
"(79505, 42282, 1207)","(79765, 43248, 1226)",,,,,6e239f15a838dec96fa30fb93619b23fa5fc88a2,Line,
"(79765, 43248, 1226)","(79787, 43761, 1237)",,,,,6e239f15a838dec96fa30fb93619b23fa5fc88a2,Line,
"(79787, 43761, 1237)","(79836, 44256, 1255)",,,,,6e239f15a838dec96fa30fb93619b23fa5fc88a2,Line,
"(78983, 40638, 1166)",,,,74 devPNB_33b at branch,,,Line Strip,089427967abb1848dcc8ce9fcd41dfd263b72e1f
"(78983, 40638, 1166)","(79357, 40433, 1157)",,,,,089427967abb1848dcc8ce9fcd41dfd263b72e1f,Line,
"(79357, 40433, 1157)","(79587, 39758, 1157)",,,,,089427967abb1848dcc8ce9fcd41dfd263b72e1f,Line,
"(79587, 39758, 1157)","(79787, 39263, 1176)",,,,,089427967abb1848dcc8ce9fcd41dfd263b72e1f,Line,
"(79787, 39263, 1176)","(79932, 38412, 1179)",,,,,089427967abb1848dcc8ce9fcd41dfd263b72e1f,Line,
"(79932, 38412, 1179)","(79941, 37989, 1164)",,,,,089427967abb1848dcc8ce9fcd41dfd263b72e1f,Line,
"(79941, 37989, 1164)","(79519, 37484, 1176)",,,,,089427967abb1848dcc8ce9fcd41dfd263b72e1f,Line,
"(62717, 45550, 1088)",,,,"75 devPNB_34 across 2 branches AIT ",,,Line Strip,62c96e48f23a85165fb5c12f04fd7e5ae30fda26
"(62717, 45550, 1088)","(63332, 45510, 1027)",,,,,62c96e48f23a85165fb5c12f04fd7e5ae30fda26,Line,
"(63332, 45510, 1027)","(63999, 45440, 1002)",,,,,62c96e48f23a85165fb5c12f04fd7e5ae30fda26,Line,
"(63999, 45440, 1002)","(64645, 45123, 1004)",,,,,62c96e48f23a85165fb5c12f04fd7e5ae30fda26,Line,
"(64645, 45123, 1004)","(65135, 44651, 1027)",,,,,62c96e48f23a85165fb5c12f04fd7e5ae30fda26,Line,
"(65135, 44651, 1027)","(65617, 44209, 1046)",,,,,62c96e48f23a85165fb5c12f04fd7e5ae30fda26,Line,
"(65617, 44209, 1046)","(66488, 43445, 1067)",,,,,62c96e48f23a85165fb5c12f04fd7e5ae30fda26,Line,
"(66488, 43445, 1067)","(67523, 43011, 1065)",,,,,62c96e48f23a85165fb5c12f04fd7e5ae30fda26,Line,
"(67523, 43011, 1065)","(68833, 42649, 1019)",,,,,62c96e48f23a85165fb5c12f04fd7e5ae30fda26,Line,
"(68833, 42649, 1019)","(70013, 42493, 972)",,,,,62c96e48f23a85165fb5c12f04fd7e5ae30fda26,Line,
"(70013, 42493, 972)","(70991, 42301, 927)",,,,,62c96e48f23a85165fb5c12f04fd7e5ae30fda26,Line,
"(70991, 42301, 927)","(71584, 42334, 881)",,,,,62c96e48f23a85165fb5c12f04fd7e5ae30fda26,Line,
"(71584, 42334, 881)","(72491, 42291, 844)",,,,,62c96e48f23a85165fb5c12f04fd7e5ae30fda26,Line,
"(72491, 42291, 844)","(73280, 42385, 791)",,,,,62c96e48f23a85165fb5c12f04fd7e5ae30fda26,Line,
"(73280, 42385, 791)","(74153, 42622, 713)",,,,,62c96e48f23a85165fb5c12f04fd7e5ae30fda26,Line,
"(74153, 42622, 713)","(74416, 42858, 643)",,,,,62c96e48f23a85165fb5c12f04fd7e5ae30fda26,Line,
"(74416, 42858, 643)","(74996, 42987, 599)",,,,,62c96e48f23a85165fb5c12f04fd7e5ae30fda26,Line,
"(74996, 42987, 599)","(75624, 43136, 549)",,,,,62c96e48f23a85165fb5c12f04fd7e5ae30fda26,Line,
"(75624, 43136, 549)","(76328, 43090, 535)",,,,,62c96e48f23a85165fb5c12f04fd7e5ae30fda26,Line,
"(76328, 43090, 535)","(77220, 42981, 526)",,,,,62c96e48f23a85165fb5c12f04fd7e5ae30fda26,Line,
"(77220, 42981, 526)","(78089, 42903, 507)",,,,,62c96e48f23a85165fb5c12f04fd7e5ae30fda26,Line,
"(78089, 42903, 507)","(78779, 42931, 493)",,,,,62c96e48f23a85165fb5c12f04fd7e5ae30fda26,Line,
"(78779, 42931, 493)","(79537, 43012, 478)",,,,,62c96e48f23a85165fb5c12f04fd7e5ae30fda26,Line,
"(79537, 43012, 478)","(80368, 43218, 466)",,,,,62c96e48f23a85165fb5c12f04fd7e5ae30fda26,Line,
"(80368, 43218, 466)","(80934, 43480, 451)",,,,,62c96e48f23a85165fb5c12f04fd7e5ae30fda26,Line,
"(80934, 43480, 451)","(81530, 43686, 438)",,,,,62c96e48f23a85165fb5c12f04fd7e5ae30fda26,Line,
"(81530, 43686, 438)","(82009, 43775, 450)",,,,,62c96e48f23a85165fb5c12f04fd7e5ae30fda26,Line,
"(78250, 45061, 379)",,,,76 devPNB_20 at branch TTT,,,Line Strip,6b768e91a5d302d51ab7d8d0d29bf996fd4330ce
"(78250, 45061, 379)","(77951, 44956, 419)",,,,,6b768e91a5d302d51ab7d8d0d29bf996fd4330ce,Line,
"(77951, 44956, 419)","(77525, 44762, 462)",,,,,6b768e91a5d302d51ab7d8d0d29bf996fd4330ce,Line,
"(77525, 44762, 462)","(77146, 44558, 490)",,,,,6b768e91a5d302d51ab7d8d0d29bf996fd4330ce,Line,
"(77146, 44558, 490)","(76875, 44325, 522)",,,,,6b768e91a5d302d51ab7d8d0d29bf996fd4330ce,Line,
"(76875, 44325, 522)","(76507, 44003, 553)",,,,,6b768e91a5d302d51ab7d8d0d29bf996fd4330ce,Line,
"(92189, 40461, 1505)",,,,77 devPNB_25 at branch,,,Line Strip,15ba11046c2dece94725f15b43c5a8b43e833a26
"(92189, 40461, 1505)","(92093, 40356, 1511)",,,,,15ba11046c2dece94725f15b43c5a8b43e833a26,Line,
"(92093, 40356, 1511)","(91874, 40122, 1579)",,,,,15ba11046c2dece94725f15b43c5a8b43e833a26,Line,
"(91874, 40122, 1579)","(91378, 39913, 1640)",,,,,15ba11046c2dece94725f15b43c5a8b43e833a26,Line,
"(91378, 39913, 1640)","(91080, 39904, 1675)",,,,,15ba11046c2dece94725f15b43c5a8b43e833a26,Line,
"(91080, 39904, 1675)","(90460, 39449, 1747)",,,,,15ba11046c2dece94725f15b43c5a8b43e833a26,Line,
"(90460, 39449, 1747)","(89526, 38843, 1891)",,,,,15ba11046c2dece94725f15b43c5a8b43e833a26,Line,
"(83507, 51484, 353)",,,,78 na,,,Line Strip,025c356407083f5b89d51c22b770b69146af251b
"(83507, 51484, 353)","(83532, 51389, 384)",,,,,025c356407083f5b89d51c22b770b69146af251b,Line,
"(83532, 51389, 384)","(83601, 51309, 411)",,,,,025c356407083f5b89d51c22b770b69146af251b,Line,
"(83601, 51309, 411)","(83659, 51180, 443)",,,,,025c356407083f5b89d51c22b770b69146af251b,Line,
"(83659, 51180, 443)","(83734, 51061, 464)",,,,,025c356407083f5b89d51c22b770b69146af251b,Line,
"(91987, 52938, 1085)",,,,79 na,,,Line Strip,9ffca3742a9dd815881addc165b796a2cedcec9f
"(91987, 52938, 1085)","(92065, 52935, 1096)",,,,,9ffca3742a9dd815881addc165b796a2cedcec9f,Line,
"(92065, 52935, 1096)","(92161, 52894, 1108)",,,,,9ffca3742a9dd815881addc165b796a2cedcec9f,Line,
"(92161, 52894, 1108)","(92279, 52813, 1132)",,,,,9ffca3742a9dd815881addc165b796a2cedcec9f,Line,
"(92279, 52813, 1132)","(92337, 52750, 1146)",,,,,9ffca3742a9dd815881addc165b796a2cedcec9f,Line,
"(92337, 52750, 1146)","(92430, 52675, 1161)",,,,,9ffca3742a9dd815881addc165b796a2cedcec9f,Line,
"(92430, 52675, 1161)","(92519, 52553, 1174)",,,,,9ffca3742a9dd815881addc165b796a2cedcec9f,Line,
"(92519, 52553, 1174)","(92667, 52495, 1190)",,,,,9ffca3742a9dd815881addc165b796a2cedcec9f,Line,
"(92667, 52495, 1190)","(92806, 52342, 1217)",,,,,9ffca3742a9dd815881addc165b796a2cedcec9f,Line,
"(92806, 52342, 1217)","(92797, 52278, 1233)",,,,,9ffca3742a9dd815881addc165b796a2cedcec9f,Line,
"(85264, 62393, 1696)",,,,80 na,,,Line Strip,67b323add79cd906c75509692d64861378913f0e
"(85264, 62393, 1696)","(85134, 62321, 1707)",,,,,67b323add79cd906c75509692d64861378913f0e,Line,
"(85134, 62321, 1707)","(85044, 62278, 1720)",,,,,67b323add79cd906c75509692d64861378913f0e,Line,
"(85044, 62278, 1720)","(84908, 62234, 1736)",,,,,67b323add79cd906c75509692d64861378913f0e,Line,
"(84908, 62234, 1736)","(84859, 62226, 1744)",,,,,67b323add79cd906c75509692d64861378913f0e,Line,
"(81857, 65478, 960)",,,,81 na,,,Line Strip,2aa511bd847343f10cb7695ea414cf2180865920
"(81857, 65478, 960)","(81794, 65759, 964)",,,,,2aa511bd847343f10cb7695ea414cf2180865920,Line,
"(81794, 65759, 964)","(81783, 65994, 966)",,,,,2aa511bd847343f10cb7695ea414cf2180865920,Line,
"(81783, 65994, 966)","(81809, 66394, 974)",,,,,2aa511bd847343f10cb7695ea414cf2180865920,Line,
"(103451, 51903, 588)",,,,82 na,,,Line Strip,90d77e6d78a435f1cfddf8f34e971d5e708d29e1
"(103451, 51903, 588)","(102969, 52172, 566)",,,,,90d77e6d78a435f1cfddf8f34e971d5e708d29e1,Line,
"(102969, 52172, 566)","(102551, 52409, 536)",,,,,90d77e6d78a435f1cfddf8f34e971d5e708d29e1,Line,
"(102551, 52409, 536)","(102250, 52729, 519)",,,,,90d77e6d78a435f1cfddf8f34e971d5e708d29e1,Line,
"(102250, 52729, 519)","(102063, 52938, 496)",,,,,90d77e6d78a435f1cfddf8f34e971d5e708d29e1,Line,
"(102467, 47720, 235)",,,,83 na,,,Line Strip,fb6f16030de4e1f2eb49e2d4e0f4954328bd2019
"(102467, 47720, 235)","(102595, 47656, 247)",,,,,fb6f16030de4e1f2eb49e2d4e0f4954328bd2019,Line,
"(102595, 47656, 247)","(102690, 47613, 271)",,,,,fb6f16030de4e1f2eb49e2d4e0f4954328bd2019,Line,
"(102690, 47613, 271)","(102823, 47589, 303)",,,,,fb6f16030de4e1f2eb49e2d4e0f4954328bd2019,Line,
"(102823, 47589, 303)","(102918, 47526, 322)",,,,,fb6f16030de4e1f2eb49e2d4e0f4954328bd2019,Line,
"(103922, 50770, 1)",,,,84 na,,,Line Strip,f32220c780dc84c00b833482f7e2a0383096a2fb
"(103922, 50770, 1)","(103789, 50764, 15)",,,,,f32220c780dc84c00b833482f7e2a0383096a2fb,Line,
"(103789, 50764, 15)","(103647, 50773, 40)",,,,,f32220c780dc84c00b833482f7e2a0383096a2fb,Line,
"(103647, 50773, 40)","(103540, 50738, 65)",,,,,f32220c780dc84c00b833482f7e2a0383096a2fb,Line,
"(103540, 50738, 65)","(103428, 50715, 84)",,,,,f32220c780dc84c00b833482f7e2a0383096a2fb,Line,
"(108889, 46930, 980)",,,,03 TTT AIT,,,Line Strip,4c646c61be01ce1bc7202ae3b68ef294aebd28ff
"(108889, 46930, 980)","(108536, 46991, 949)",,,,,4c646c61be01ce1bc7202ae3b68ef294aebd28ff,Line,
"(108536, 46991, 949)","(108276, 47188, 918)",,,,,4c646c61be01ce1bc7202ae3b68ef294aebd28ff,Line,
"(108276, 47188, 918)","(107914, 47471, 879)",,,,,4c646c61be01ce1bc7202ae3b68ef294aebd28ff,Line,
"(107914, 47471, 879)","(107486, 47792, 843)",,,,,4c646c61be01ce1bc7202ae3b68ef294aebd28ff,Line,
"(107486, 47792, 843)","(106619, 48434, 778)",,,,,4c646c61be01ce1bc7202ae3b68ef294aebd28ff,Line,
"(106619, 48434, 778)","(105723, 49029, 754)",,,,,4c646c61be01ce1bc7202ae3b68ef294aebd28ff,Line,
"(105723, 49029, 754)","(105260, 49709, 722)",,,,,4c646c61be01ce1bc7202ae3b68ef294aebd28ff,Line,
"(105260, 49709, 722)","(104893, 50411, 691)",,,,,4c646c61be01ce1bc7202ae3b68ef294aebd28ff,Line,
"(104893, 50411, 691)","(104508, 50955, 655)",,,,,4c646c61be01ce1bc7202ae3b68ef294aebd28ff,Line,
"(107284, 51196, 689)",,,,85 dendrite,,,Line Strip,0ee26cad6cb35a899733fa9bbbf5652c060c6490
"(107284, 51196, 689)","(107527, 50713, 683)",,,,,0ee26cad6cb35a899733fa9bbbf5652c060c6490,Line,
"(107527, 50713, 683)","(107628, 50130, 687)",,,,,0ee26cad6cb35a899733fa9bbbf5652c060c6490,Line,
"(107628, 50130, 687)","(107584, 49789, 651)",,,,,0ee26cad6cb35a899733fa9bbbf5652c060c6490,Line,
"(106931, 49454, 607)",,,,86 dendrite,,,Line Strip,08d76d2558863066a9551c89e23448e3ba739c1d
"(106931, 49454, 607)","(106933, 49939, 628)",,,,,08d76d2558863066a9551c89e23448e3ba739c1d,Line,
"(106933, 49939, 628)","(106914, 50476, 651)",,,,,08d76d2558863066a9551c89e23448e3ba739c1d,Line,
"(106914, 50476, 651)","(106819, 50708, 670)",,,,,08d76d2558863066a9551c89e23448e3ba739c1d,Line,
"(100965, 49968, 238)",,,,87 dendrite,,,Line Strip,9962a17e086691ab201f792e289d75742ac13856
"(100965, 49968, 238)","(101144, 50532, 256)",,,,,9962a17e086691ab201f792e289d75742ac13856,Line,
"(101144, 50532, 256)","(101302, 50905, 291)",,,,,9962a17e086691ab201f792e289d75742ac13856,Line,
"(101302, 50905, 291)","(101684, 51568, 330)",,,,,9962a17e086691ab201f792e289d75742ac13856,Line,
"(101684, 51568, 330)","(101734, 52128, 348)",,,,,9962a17e086691ab201f792e289d75742ac13856,Line,
"(101734, 52128, 348)","(101932, 52877, 366)",,,,,9962a17e086691ab201f792e289d75742ac13856,Line,
"(101932, 52877, 366)","(102070, 53321, 396)",,,,,9962a17e086691ab201f792e289d75742ac13856,Line,
"(102070, 53321, 396)","(102118, 54220, 401)",,,,,9962a17e086691ab201f792e289d75742ac13856,Line,
"(102118, 54220, 401)","(102154, 54306, 403)",,,,,9962a17e086691ab201f792e289d75742ac13856,Line,
"(95826, 42197, 753)",,,,88 na,,,Line Strip,cde4c808eec359fc69bd12c0cb8a282fa978f97e
"(95826, 42197, 753)","(95690, 42241, 714)",,,,,cde4c808eec359fc69bd12c0cb8a282fa978f97e,Line,
"(95690, 42241, 714)","(95598, 42313, 683)",,,,,cde4c808eec359fc69bd12c0cb8a282fa978f97e,Line,
"(95598, 42313, 683)","(95470, 42394, 658)",,,,,cde4c808eec359fc69bd12c0cb8a282fa978f97e,Line,
"(95470, 42394, 658)","(95326, 42426, 621)",,,,,cde4c808eec359fc69bd12c0cb8a282fa978f97e,Line,
"(95326, 42426, 621)","(95309, 42382, 597)",,,,,cde4c808eec359fc69bd12c0cb8a282fa978f97e,Line,
"(99382, 46574, 1359)",,,,89 na,,,Line Strip,2564245f39e83ef85498b5ce47f075024b351675
"(99382, 46574, 1359)","(99324, 46986, 1378)",,,,,2564245f39e83ef85498b5ce47f075024b351675,Line,
"(99324, 46986, 1378)","(99538, 47544, 1394)",,,,,2564245f39e83ef85498b5ce47f075024b351675,Line,
"(99538, 47544, 1394)","(99593, 48140, 1408)",,,,,2564245f39e83ef85498b5ce47f075024b351675,Line,
"(100879, 44507, 1299)",,,,90 na,,,Line Strip,90112020e7529007d95464ed03363fed9f7917c6
"(100879, 44507, 1299)","(100763, 44822, 1272)",,,,,90112020e7529007d95464ed03363fed9f7917c6,Line,
"(100763, 44822, 1272)","(100717, 45045, 1248)",,,,,90112020e7529007d95464ed03363fed9f7917c6,Line,
"(100717, 45045, 1248)","(100471, 45290, 1226)",,,,,90112020e7529007d95464ed03363fed9f7917c6,Line,
"(100471, 45290, 1226)","(100231, 45380, 1213)",,,,,90112020e7529007d95464ed03363fed9f7917c6,Line,
"(104937, 43579, 1097)",,,,91 na,,,Line Strip,1cd4f807044bf040fbc2ce1ee83c424a17af7ff8
"(104937, 43579, 1097)","(104584, 43747, 1108)",,,,,1cd4f807044bf040fbc2ce1ee83c424a17af7ff8,Line,
"(104584, 43747, 1108)","(104188, 43894, 1114)",,,,,1cd4f807044bf040fbc2ce1ee83c424a17af7ff8,Line,
"(104188, 43894, 1114)","(103951, 44059, 1131)",,,,,1cd4f807044bf040fbc2ce1ee83c424a17af7ff8,Line,
"(103951, 44059, 1131)","(103491, 44238, 1149)",,,,,1cd4f807044bf040fbc2ce1ee83c424a17af7ff8,Line,
"(103491, 44238, 1149)","(103185, 44308, 1164)",,,,,1cd4f807044bf040fbc2ce1ee83c424a17af7ff8,Line,
"(103185, 44308, 1164)","(102925, 44386, 1181)",,,,,1cd4f807044bf040fbc2ce1ee83c424a17af7ff8,Line,
"(102925, 44386, 1181)","(102358, 44392, 1213)",,,,,1cd4f807044bf040fbc2ce1ee83c424a17af7ff8,Line,
"(102358, 44392, 1213)","(101728, 44366, 1234)",,,,,1cd4f807044bf040fbc2ce1ee83c424a17af7ff8,Line,
"(101728, 44366, 1234)","(100979, 44530, 1222)",,,,,1cd4f807044bf040fbc2ce1ee83c424a17af7ff8,Line,
"(100979, 44530, 1222)","(100331, 44666, 1220)",,,,,1cd4f807044bf040fbc2ce1ee83c424a17af7ff8,Line,
"(100331, 44666, 1220)","(100074, 44744, 1219)",,,,,1cd4f807044bf040fbc2ce1ee83c424a17af7ff8,Line,
"(101488, 44417, 1334)",,,,92 AIT,,,Line Strip,8e58182316eeafe5192ae0d3932de984ad4b251b
"(101488, 44417, 1334)","(101693, 44374, 1378)",,,,,8e58182316eeafe5192ae0d3932de984ad4b251b,Line,
"(101693, 44374, 1378)","(101756, 44186, 1418)",,,,,8e58182316eeafe5192ae0d3932de984ad4b251b,Line,
"(101756, 44186, 1418)","(101926, 44107, 1452)",,,,,8e58182316eeafe5192ae0d3932de984ad4b251b,Line,
"(101926, 44107, 1452)","(102195, 44026, 1489)",,,,,8e58182316eeafe5192ae0d3932de984ad4b251b,Line,
"(102195, 44026, 1489)","(102554, 44056, 1551)",,,,,8e58182316eeafe5192ae0d3932de984ad4b251b,Line,
"(102554, 44056, 1551)","(102766, 44065, 1577)",,,,,8e58182316eeafe5192ae0d3932de984ad4b251b,Line,
"(95611, 47508, 831)",,,,93 dendrite,,,Line Strip,354011c35c7978dd3f3cbb938437f09e0393e6a0
"(95611, 47508, 831)","(95691, 47974, 865)",,,,,354011c35c7978dd3f3cbb938437f09e0393e6a0,Line,
"(95691, 47974, 865)","(95910, 48544, 893)",,,,,354011c35c7978dd3f3cbb938437f09e0393e6a0,Line,
"(95910, 48544, 893)","(96109, 49232, 908)",,,,,354011c35c7978dd3f3cbb938437f09e0393e6a0,Line,
"(96109, 49232, 908)","(96157, 49751, 925)",,,,,354011c35c7978dd3f3cbb938437f09e0393e6a0,Line,
"(96157, 49751, 925)","(95937, 50071, 947)",,,,,354011c35c7978dd3f3cbb938437f09e0393e6a0,Line,
"(72659, 38873, 941)",,,,94 dendrite,,,Line Strip,cdf172aa6eb08e49b4384f24328c30bafaa64a5c
"(72659, 38873, 941)","(72338, 39509, 941)",,,,,cdf172aa6eb08e49b4384f24328c30bafaa64a5c,Line,
"(72338, 39509, 941)","(72043, 39874, 930)",,,,,cdf172aa6eb08e49b4384f24328c30bafaa64a5c,Line,
"(72043, 39874, 930)","(71769, 40018, 905)",,,,,cdf172aa6eb08e49b4384f24328c30bafaa64a5c,Line,
"(71769, 40018, 905)","(71020, 40345, 895)",,,,,cdf172aa6eb08e49b4384f24328c30bafaa64a5c,Line,
"(71020, 40345, 895)","(70364, 40715, 903)",,,,,cdf172aa6eb08e49b4384f24328c30bafaa64a5c,Line,
"(70364, 40715, 903)","(69814, 41282, 893)",,,,,cdf172aa6eb08e49b4384f24328c30bafaa64a5c,Line,
"(69814, 41282, 893)","(69464, 41539, 884)",,,,,cdf172aa6eb08e49b4384f24328c30bafaa64a5c,Line,
"(69464, 41539, 884)","(69129, 41701, 899)",,,,,cdf172aa6eb08e49b4384f24328c30bafaa64a5c,Line,
"(69129, 41701, 899)","(68588, 42201, 890)",,,,,cdf172aa6eb08e49b4384f24328c30bafaa64a5c,Line,
"(80563, 45716, 339)",,,,95 dendrite,,,Line Strip,2be72714f313594d2d27131459d44e4849943bd6
"(80563, 45716, 339)","(80922, 44690, 339)",,,,,2be72714f313594d2d27131459d44e4849943bd6,Line,
"(80922, 44690, 339)","(81139, 44279, 324)",,,,,2be72714f313594d2d27131459d44e4849943bd6,Line,
"(81139, 44279, 324)","(81422, 43623, 324)",,,,,2be72714f313594d2d27131459d44e4849943bd6,Line,
"(76162, 42657, 460)",,,,96 dendrite,,,Line Strip,8b7f85f300ba79bae611c86b87d12c00d8479c48
"(76162, 42657, 460)","(76146, 41758, 389)",,,,,8b7f85f300ba79bae611c86b87d12c00d8479c48,Line,
"(76146, 41758, 389)","(75752, 40479, 349)",,,,,8b7f85f300ba79bae611c86b87d12c00d8479c48,Line,
"(83427, 45773, 1566)",,,,97 dendrite,,,Line Strip,6c6e91923659b2338ac736850897cdf3a8672c23
"(83427, 45773, 1566)","(82865, 46128, 1602)",,,,,6c6e91923659b2338ac736850897cdf3a8672c23,Line,
"(82865, 46128, 1602)","(82693, 47074, 1623)",,,,,6c6e91923659b2338ac736850897cdf3a8672c23,Line,
"(82199, 43445, 104)",,,,98 na oob,,,Line Strip,b38149bb8732f802b57f7dbce09e2c8d3224c03b
"(82199, 43445, 104)","(82364, 43381, 87)",,,,,b38149bb8732f802b57f7dbce09e2c8d3224c03b,Line,
"(82364, 43381, 87)","(82540, 43347, 62)",,,,,b38149bb8732f802b57f7dbce09e2c8d3224c03b,Line,
"(82540, 43347, 62)","(82749, 43254, 32)",,,,,b38149bb8732f802b57f7dbce09e2c8d3224c03b,Line,
"(82749, 43254, 32)","(82865, 43215, 3)",,,,,b38149bb8732f802b57f7dbce09e2c8d3224c03b,Line,
"(82865, 43215, 3)","(82922, 43169, 1)",,,,,b38149bb8732f802b57f7dbce09e2c8d3224c03b,Line,